出表日期,發言日期,發言時間,公司代號,公司名稱,主旨,符合條款,事實發生日,說明
"1120901","1120831","70003","3049","和鑫","公告本公司名稱由「和鑫光電股份有限公司」更名為
「精金科技股份有限公司」，公告期間：112年6月14日至
112年9月13日。","第51款","1120612","1.事實發生日：民國112年06月12日
2.公司名稱：精金科技股份有限公司(原名：和鑫光電股份有限公司)
3.與公司關係(請輸入本公司或子公司)：本公司
4.相互持股比例：不適用
5.發生緣由：
(1)公司名稱變更核准日期/事實發生日：民國112年06月12日
(2)公司名稱變更核准文號：南商字第1120015906號
(3)更名案股東會決議通過日期：民國112年05月29日
(4)變更前公司名稱：和鑫光電股份有限公司
(5)變更後公司名稱：精金科技股份有限公司
(6)變更前公司簡稱：和鑫
(7)變更後公司簡稱：精金
6.因應措施：無
7.其他應敘明事項：(1)本公司簡稱為「精金」，股票代號仍為「3049」
(2)本公司英文名稱變更為：「HannsTouch Holdings Company」
(3)有關本公司更名全面換發有價證券等相關事宜，俟日期確定後，另行公告 
(4)依臺灣證券交易所股份有限公司營業細則第四十五條規定，連續公告三個月"
"1120901","1120831","70003","3056","富華新","公告本公司名稱由「總太地產開發股份有限公司」更名為
「富華創新股份有限公司」，
公告期間：112年7月19日至112年10月18日。","第51款","1120719","1.事實發生日：民國112年07月19日
2.公司名稱：富華創新股份有限公司(原名：總太地產開發股份有限公司)
3.與公司關係(請輸入本公司或子公司)：本公司
4.相互持股比例：不適用
5.發生緣由：
(1)公司名稱變更核准日期/事實發生日：民國112年07月19日
(2)公司名稱變更核准文號：經授商字第11230117750號
(3)更名案股東會決議通過日期：民國112年06月19日
(4)變更前公司名稱：總太地產開發股份有限公司
(5)變更後公司名稱：富華創新股份有限公司
(6)變更前公司簡稱：總太
(7)變更後公司簡稱：富華新
6.因應措施：無
7.其他應敘明事項：(1)本公司股票代號未變動仍為「3056」。
(2)有關本公司更名全面換發有價證券等相關事宜，俟日期確定後，另行公告。
(3)依據「台灣證券交易所股份有限公司營業細則」第四十五條規定，連續公告三個月。"
"1120901","1120831","70003","3702","大聯大","公告本公司名稱由「大聯大投資控股股份有限公司」
更名為「大聯大控股股份有限公司」，
公告期間：112年6月14日至 112年9月13日","第51款","1120614","1.事實發生日：民國112年06月14日
2.公司名稱：大聯大控股股份有限公司(原名：大聯大投資控股股份有限公司)
3.與公司關係(請輸入本公司或子公司)：本公司
4.相互持股比例：不適用
5.發生緣由：
(1)公司名稱變更核准日期/事實發生日：民國112年06月14日
(2)公司名稱變更核准文號：經授商字第11230104140號
(3)更名案股東會決議通過日期：民國112年05月31日
(4)變更前公司名稱：大聯大投資控股股份有限公司
(5)變更後公司名稱：大聯大控股股份有限公司
(6)變更前公司簡稱：大聯大
(7)變更後公司簡稱：大聯大
6.因應措施：不適用
7.其他應敘明事項：(1)本公司於112年06月14日取得經濟部核准變更登記函(發文日期為112年6月14日)，依據台灣證券交易所(股)公司營業細則第四十五條規定連續公告三個月。(2)本公司於集中交易市場掛牌之股票代號未變動，仍為「3702」。"
"1120901","1120831","134210","2906","高林","公告本公司國內第一次無擔保轉換
公司債完成訂價","第51款","1120831","1.事實發生日:112/08/31
2.公司名稱:高林實業股份有限公司
3.與公司關係(請輸入本公司或子公司):本公司
4.相互持股比例:不適用
5.發生緣由:依據本公司「國內第一次無擔保轉換公司債發行及轉換辦法」
6.因應措施:無
7.其他應敘明事項(若事件發生或決議之主體係屬公開發行以上公司，本則重大訊息同時
  符合證券交易法施行細則第7條第9款所定對股東權益或證券價格有重大影響之事項):
(1)本公司發行國內第一次無擔保轉換公司債，業經金融監督管理委員會112年8月22日
   金管證發字第1120350862號函申報生效在案。
(2)本轉換公司以112年8月31日為轉換價格訂價基準日，取基準日前五個營業日之
   普通股收盤價之平均數為17.63元，乘以轉換溢價率為102.10%，
   訂定轉換價格為每股新台幣18.0元。"
"1120901","1120831","134218","5484","慧友","公告本公司研發主管異動","第8款","1120831","1.人員變動別（請輸入發言人、代理發言人、重要營運主管(如:執行長、營運長、
行銷長及策略長等)、財務主管、會計主管、公司治理主管、資訊安全長、研發主管、
內部稽核主管或訴訟及非訟代理人）:研發主管
2.發生變動日期:112/08/31
3.舊任者姓名、級職及簡歷:楊富順/本公司研發處處長
4.新任者姓名、級職及簡歷:高誌鴻/本公司總經理室特別助理
5.異動情形（請輸入「辭職」、「職務調整」、「資遣」、「退休」、「死亡」、「新
任」或「解任」）:辭職
6.異動原因:辭職
7.生效日期:112/08/31
8.其他應敘明事項:新任研發主管由總經理室特別助理高誌鴻暫代，俟董事會通過正式
派任後再行公告。"
"1120901","1120831","134811","9917","中保科","公告本公司向關係人立捷國際股份有限公司取得固定資產","第20款","1120831","1.標的物之名稱及性質（如坐落台中市北區ＸＸ段ＸＸ小段土地）:
營運用智慧安防器材。
2.事實發生日:111/12/31~112/8/31
3.交易單位數量（如ＸＸ平方公尺，折合ＸＸ坪）、每單位價格及交易總金額:
智慧安防器材一批，合計新台幣325,315,978元。
4.交易相對人及其與公司之關係（交易相對人如屬自然人，且非公司之關
係人者，得免揭露其姓名）:
立捷國際股份有限公司，為本公司之孫公司。
5.交易相對人為關係人者，並應公告選定關係人為交易對象之原因及前次移轉之
所有人、前次移轉之所有人與公司及交易相對人間相互之關係、前次移轉日期
及移轉金額:
為防止缺料風險與加強整體品質控管，確保&#31311;定且長期供貨品質，故向關係企業
購買智慧安防器材。
6.交易標的最近五年內所有權人曾為公司之關係人者，尚應公告關係
人之取得及處分日期、價格及交易當時與公司之關係:
不適用。
7.預計處分利益（或損失）（取得資產者不適用）（遞延者應列表說明
認列情形）:
不適用。
8.交付或付款條件（含付款期間及金額）、契約限制條款及其他重要約定
事項:
付款條件與一般廠商相同，依月結60天後付款。
9.本次交易之決定方式（如招標、比價或議價）、價格決定之參考依據及
決策單位:
依公司內部程序議價決定。
10.專業估價者事務所或公司名稱及其估價金額:
不適用。
11.專業估價師姓名:
不適用。
12.專業估價師開業證書字號:
不適用。
13.估價報告是否為限定價格、特定價格或特殊價格:否或不適用
14.是否尚未取得估價報告:是
15.尚未取得估價報告之原因:
供營業用之智慧安防器材，免取得估價報告。
16.估價結果有重大差異時，其差異原因及會計師意見:
不適用。
17.會計師事務所名稱:
不適用。
18.會計師姓名:
不適用。
19.會計師開業證書字號:
不適用。
20.經紀人及經紀費用:
不適用。
21.取得或處分之具體目的或用途:
供營業使用。
22.本次交易表示異議之董事之意見:
無。
23.本次交易為關係人交易:是
24.董事會通過日期:
依『公開發行公司取得或處分資產處理準則』第15條規定，擬事後再提報最近期
之董事會追認。
25.監察人承認或審計委員會同意日期:
依『公開發行公司取得或處分資產處理準則』第15條規定，擬事後再提報最近期
之審計委員會承認。
26.本次交易係向關係人取得不動產或其使用權資產:否
27.依「公開發行公司取得或處分資產處理準則」第十六條規定
評估之價格:不適用
28.依前項評估之價格較交易價格為低者，依同準則第十七條規
定評估之價格:不適用
29.其他敘明事項:
無"
"1120901","1120831","134918","6854","錼創科技-KY創","代重要子公司錼創顯示科技股份有限公司公告董事會選任副董事長","第6款","1120831","1.董事會決議日期或發生變動日期:112/08/31
2.人員別（請輸入董事長或總經理）:副董事長
3.舊任者姓名:不適用
4.舊任者簡歷:不適用
5.新任者姓名:陳銘章
6.新任者簡歷:本公司營運長暨發言人
7.異動情形（請輸入「辭職」、「解任」、「任期屆滿」、「職務調整」、「資遣」、
「退休」、「逝世」或「新任」）:新任
8.異動原因:新任
9.新任生效日期:112/08/31
10.其他應敘明事項(若事件發生或決議之主體係屬公開發行以上公司，本則重大訊息同時
   符合證券交易法施行細則第7條第6款所定對股東權益或證券價格有重大影響之事項):
無。"
"1120901","1120831","134931","3413","京鼎","本公司受邀參加凱基證券舉辦之線上法說會","第12款","1120906","符合條款第四條第XX款：12
事實發生日：112/09/06
1.召開法人說明會之日期：112/09/06
2.召開法人說明會之時間：14 時 00 分 
3.召開法人說明會之地點：線上法說會
4.法人說明會擇要訊息：本公司受邀參加凱基證券舉辦之線上法說會,會中公布本公司2023年第二季營運成果
5.其他應敘明事項：無
完整財務業務資訊請至公開資訊觀測站之法人說明會一覽表或法說會項目下查閱。"
"1120901","1120831","135113","1731","美吾華","公告本公司內部稽核主管異動","第8款","1120831","1.人員變動別（請輸入發言人、代理發言人、重要營運主管(如:執行長、營運長、
行銷長及策略長等)、財務主管、會計主管、公司治理主管、資訊安全長、研發主管、
內部稽核主管或訴訟及非訟代理人）:內部稽核主管
2.發生變動日期:112/08/31
3.舊任者姓名、級職及簡歷:石涼京，本公司稽核副課長
4.新任者姓名、級職及簡歷:張瑋淇，醫影股份有限公司稽核副理
5.異動情形（請輸入「辭職」、「職務調整」、「資遣」、「退休」、「死亡」、「新
任」或「解任」）:辭職
6.異動原因:辭職
7.生效日期:112/08/31
8.其他應敘明事項:本公司新任稽核主管將於近期董事會通過。"
"1120901","1120831","140126","2480","敦陽科","公告本公司112年7月份合併自結損益","第51款","1120831","1.事實發生日:112/08/31
2.公司名稱:敦陽科技股份有限公司
3.與公司關係(請輸入本公司或子公司):本公司
4.相互持股比例:不適用
5.發生緣由:公告本公司112年7月份合併自結損益
(1)本月合併營業損益(仟元)：48,300
(2)本年累計合併營業損益(仟元)：498,230
(3)本月合併稅前損益(仟元)：57,078
(4)本年累計合併稅前損益(仟元)：552,896
6.因應措施:無
7.其他應敘明事項(若事件發生或決議之主體係屬公開發行以上公司，本則重大訊息同時
  符合證券交易法施行細則第7條第9款所定對股東權益或證券價格有重大影響之事項):無"
"1120901","1120831","140900","2889","國票金","代子公司國際票券金融(股)公司公告董事會選舉董事長","第6款","1120831","1.董事會決議日期或發生變動日期:112/08/31
2.人員別（請輸入董事長或總經理）:董事長
3.舊任者姓名:魏啟林
4.舊任者簡歷:國際票券金融公司(股)公司董事長
5.新任者姓名:魏啟林
6.新任者簡歷:國際票券金融公司(股)公司董事長
7.異動情形（請輸入「辭職」、「解任」、「任期屆滿」、「職務調整」、「資遣」、
「退休」、「逝世」或「新任」）:任期屆滿
8.異動原因:任期屆滿改選
9.新任生效日期:112/08/31
10.其他應敘明事項(若事件發生或決議之主體係屬公開發行以上公司，本則重大訊息同時
   符合證券交易法施行細則第7條第6款所定對股東權益或證券價格有重大影響之事項):無"
"1120901","1120831","141036","2889","國票金","代子公司國際票券金融(股)公司公告續聘邱彥郎先生為總經理","第6款","1120831","1.董事會決議日期或發生變動日期:112/08/31
2.人員別（請輸入董事長或總經理）:總經理
3.舊任者姓名:邱彥郎
4.舊任者簡歷:國際票券金融(股)公司總經理
5.新任者姓名:邱彥郎
6.新任者簡歷:國際票券金融(股)公司總經理
7.異動情形（請輸入「辭職」、「解任」、「任期屆滿」、「職務調整」、「資遣」、
「退休」、「逝世」或「新任」）:任期屆滿
8.異動原因:董事會續聘
9.新任生效日期:112/08/31
10.其他應敘明事項(若事件發生或決議之主體係屬公開發行以上公司，本則重大訊息同時
   符合證券交易法施行細則第7條第6款所定對股東權益或證券價格有重大影響之事項):無"
"1120901","1120831","141712","2723","美食-KY","本公司受邀參加元富證券舉辦之法人說明會","第12款","1120901","符合條款第四條第XX款：12
事實發生日：112/09/01
1.召開法人說明會之日期：112/09/01
2.召開法人說明會之時間：14 時 00 分 
3.召開法人說明會之地點：台北市復興南路一段209號
4.法人說明會擇要訊息：本公司受邀參加元富證券舉辦之法人說明會
5.其他應敘明事項：無
完整財務業務資訊請至公開資訊觀測站之法人說明會一覽表或法說會項目下查閱。"
"1120901","1120831","141751","2889","國票金","代子公司國票創業投資股份有限公司公告第七屆董事會選舉
董事長","第6款","1120831","1.董事會決議日期或發生變動日期:112/08/31
2.人員別（請輸入董事長或總經理）:董事長
3.舊任者姓名:國票金融控股(股)公司法人董事代表人楊承羲
4.舊任者簡歷:國票金融控股(股)公司法人董事代表人楊承羲、國票創業投資(股)公司
董事長
5.新任者姓名:國票金融控股(股)公司法人董事代表人楊承羲
6.新任者簡歷:國票金融控股(股)公司法人董事代表人楊承羲、國票創業投資(股)公司
董事長
7.異動情形（請輸入「辭職」、「解任」、「任期屆滿」、「職務調整」、「資遣」、
「退休」、「逝世」或「新任」）:任期屆滿
8.異動原因:任期屆滿改選
9.新任生效日期:112/08/31
10.其他應敘明事項(若事件發生或決議之主體係屬公開發行以上公司，本則重大訊息同時
   符合證券交易法施行細則第7條第6款所定對股東權益或證券價格有重大影響之事項):
無"
"1120901","1120831","142000","3711","日月光投控","公告本公司將受邀參加「Credit Suisse Speaker’s Series – Discussion on advanced packaging technologies and trends」之法說訊息","第12款","1120901","符合條款第四條第XX款：12
事實發生日：112/09/01
1.召開法人說明會之日期：112/09/01
2.召開法人說明會之時間：10 時 00 分 
3.召開法人說明會之地點：電話會議。
4.法人說明會擇要訊息：無。
5.其他應敘明事項：無。
完整財務業務資訊請至公開資訊觀測站之法人說明會一覽表或法說會項目下查閱。"
"1120901","1120831","142939","5607","遠雄港","公告本公司董事會決議變更現金增資股數","第11款","1120831","1.董事會決議日期:112/08/31
2.增資資金來源:現金增資
3.是否採總括申報發行新股(是，請併敘明預定發行期間/否):否
4.全案發行總金額及股數(如屬盈餘或公積轉增資，發行股數則不含配發給員工部分):
發行總股數:35,000仟股
發行總金額:350,000,000元
5.採總括申報發行新股案件，本次發行金額及股數:不適用
6.採總括申報發行新股案件，本次發行後，剩餘之金額及股數餘額:不適用
7.每股面額:新台幣10元。
8.發行價格:實際發行價格俟本現金增資案向金管會申報生效完成後，授權董事長參酌發
行市場狀況並依「承銷商自律規則」第六條規定及其他相關法律規定，與主辦承銷商商
議決定。
9.員工認購股數或配發金額:依「公司法」第267條規定，提撥增資發行股數之10%，
即3,500仟股，由本公司及從屬公司員工認購。
10.公開銷售股數:依「證券交易法」第28條之1規定，提撥增資發行股數之10%，
即3,500仟股，對外公開承銷。
11.原股東認購或無償配發比例:其餘增資發行股數之80%，即28,000仟股，由原股東按
認股基準日股東名簿記載之股東及其持有股份比例分別認購之。
12.畸零股及逾期未認購股份之處理方式:原股東認購不足一股之畸零股得由股東在停止
過戶日起五日內，逕向本公司股務代理機構辦理拼湊，其拼湊不足一股之畸零股及原
股東、員工與對外公開承銷放棄認購或認購不足及逾期未申報拼湊之部分，擬授權
董事長洽特定人依發行價格認購之。
13.本次發行新股之權利義務:與原已發行普通股相同。
14.本次增資資金用途:轉投資子公司。
15.其他應敘明事項:
(1)本次現金增資為預計轉投資子公司，因考量當前資本市場情況，本公司112年8月
   31日董事會決議變更辦理現金增資發行新股35,000,000股，每股面額新臺幣10元
   整，計新臺幣350,000,000元整。
(2)本次現金增資計劃所訂之發行價格、發行股數、募集金額、資金運用狀況暨其他
   相關事宜，如因主管機關核定修正，或因法令規定及因客觀環境之營運評估變更
   時，擬請董事會授權董事長辦理。
(3)本案經呈報主管機關申報生效後，有關認股基準日、增資基準日及其他未盡事宜
   ，擬請董事會授權董事長視實際情況依相關法令辦理。
(4)本次現金增資之實際發行價格，若因市場情形之變動，將依「承銷商自律規則」
   第六條第一項規定予以調整。"
"1120901","1120831","143034","6674","鋐寶科技","公告本公司註銷收回限制員工權利新股辦理變更登記完成","第36款","1120831","1.主管機關核准減資日期:112/08/30
2.辦理資本變更登記完成日期:112/08/30
3.對財務報告之影響（含實收資本額與流通在外股數之差異與對每股淨值之影響）:
(1)本公司原實收資本額為新台幣676,536,590元,流通在外股數為67,653,659股,
每股淨值為新台幣22.37元
(2)變更登記後實收資本額為新台幣676,380,590元,流通在外股數為67,638,059股,
每股淨值為新台幣19.68元
(以112年第2季財報為計算基礎)
4.預計換股作業計畫:不適用
5.預計減資新股上市後之上市普通股股數:不適用
6.預計減資新股上市後之上市普通股股數占已發行普通股比率
 （減資後上市普通股股數/減資後已發行普通股股數）:不適用
7.前二項預計減資後上巿普通股股數未達6000萬股且未達25%者，請說明股權流通性偏低
  之因應措施:不適用
8.其他應敘明事項:本公司於112/08/31接獲主管機關減資變更登記核准函"
"1120901","1120831","143203","2455","全新","公告本公司受邀參加統一證券舉辦2023 Q3 全球展望秋季投資論壇","第12款","1120905","符合條款第四條第XX款：12
事實發生日：112/09/05
1.召開法人說明會之日期：112/09/05
2.召開法人說明會之時間：14 時 00 分 
3.召開法人說明會之地點：君悅酒店/台北市信義區松壽路2號
4.法人說明會擇要訊息：本公司受邀參加統一證券舉辦2023 Q3 全球展望秋季投資論壇，會中就公司業務狀況等說明。
5.其他應敘明事項：無
完整財務業務資訊請至公開資訊觀測站之法人說明會一覽表或法說會項目下查閱。"
"1120901","1120831","144202","2903","遠百","代子公司遠東都會股份有限公司公告向關係人取得使用權資產","第20款","1120831","1.標的物之名稱及性質（如坐落台中市北區ＸＸ段ＸＸ小段土地）:
房屋租賃:台北市大安區仁愛路四段64、68號7樓
2.事實發生日:112/8/31~112/8/31
3.交易單位數量（如ＸＸ平方公尺，折合ＸＸ坪）、每單位價格及交易總金額:
(1)租賃面積：782平方公尺(折合236.6坪）
(2)每坪新台幣1,000元
(3)合計使用權資產總金額：新台幣13,472,276元
4.交易相對人及其與公司之關係（交易相對人如屬自然人，且非公司之關
係人者，得免揭露其姓名）:
交易相對人：遠東百貨股份有限公司；
與公司之關係：母公司
5.交易相對人為關係人者，並應公告選定關係人為交易對象之原因及前次移轉之
所有人、前次移轉之所有人與公司及交易相對人間相互之關係、前次移轉日期
及移轉金額:
不適用
6.交易標的最近五年內所有權人曾為公司之關係人者，尚應公告關係
人之取得及處分日期、價格及交易當時與公司之關係:
不適用
7.預計處分利益（或損失）（取得資產者不適用）（遞延者應列表說明
認列情形）:
不適用
8.交付或付款條件（含付款期間及金額）、契約限制條款及其他重要約定
事項:
租賃期間：5年；
付款金額：依合約規定；
契約限制條款及其他重要約定事項：無
9.本次交易之決定方式（如招標、比價或議價）、價格決定之參考依據及
決策單位:
交易之決定方式：議價；
價格決定之參考依據：不適用；
決策單位：依公司核決權限辦理。
10.專業估價者事務所或公司名稱及其估價金額:
不適用
11.專業估價師姓名:
不適用
12.專業估價師開業證書字號:
不適用
13.估價報告是否為限定價格、特定價格或特殊價格:否或不適用
14.是否尚未取得估價報告:否或不適用
15.尚未取得估價報告之原因:
不適用
16.估價結果有重大差異時，其差異原因及會計師意見:
不適用
17.會計師事務所名稱:
不適用
18.會計師姓名:
不適用
19.會計師開業證書字號:
不適用
20.經紀人及經紀費用:
不適用
21.取得或處分之具體目的或用途:
用途:做為辦公室使用
22.本次交易表示異議之董事之意見:
無
23.本次交易為關係人交易:是
24.董事會通過日期:
不適用
25.監察人承認或審計委員會同意日期:
不適用
26.本次交易係向關係人取得不動產或其使用權資產:是
27.依「公開發行公司取得或處分資產處理準則」第十六條規定
評估之價格:不適用
28.依前項評估之價格較交易價格為低者，依同準則第十七條規
定評估之價格:不適用
29.其他敘明事項:
簽約日112年8月31日"
"1120901","1120831","144305","3711","日月光投控","代子公司ISE Labs公告董事會通過購置建築物","第20款","1120831","1.標的物之名稱及性質（如坐落台中市北區ＸＸ段ＸＸ小段土地）:
座落於2201 Qume Drive,聖荷西,加州,美國,95131
2.事實發生日:112/8/31~112/8/31
3.交易單位數量（如ＸＸ平方公尺，折合ＸＸ坪）、每單位價格及交易總金額:
建物總面積：63,958 平方英尺(約5,942平方公尺)
每單位價格：每平方英尺美金約375.25元
交易總金額：美金24,000,000元
4.交易相對人及其與公司之關係（交易相對人如屬自然人，且非公司之關
係人者，得免揭露其姓名）:
交易相對人：IPG Photonics Corporation
其與公司之關係：無
5.交易相對人為關係人者，並應公告選定關係人為交易對象之原因及前次移轉之
所有人、前次移轉之所有人與公司及交易相對人間相互之關係、前次移轉日期
及移轉金額:
不適用
6.交易標的最近五年內所有權人曾為公司之關係人者，尚應公告關係
人之取得及處分日期、價格及交易當時與公司之關係:
不適用
7.預計處分利益（或損失）（取得資產者不適用）（遞延者應列表說明
認列情形）:
不適用
8.交付或付款條件（含付款期間及金額）、契約限制條款及其他重要約定
事項:
付款條件：依買賣契約書付款
契約限制條款：無
其他重要約定事項：無
9.本次交易之決定方式（如招標、比價或議價）、價格決定之參考依據及
決策單位:
交易之決定方式及價格決定之參考依據：子公司ISE經參酌專業估價機構出具之
估價報告書，並與IPG Photonics Corporation議價後決定交易價格。
決策單位：子公司ISE Labs董事會
10.專業估價者事務所或公司名稱及其估價金額:
估價機構：Colliers Parrish International, Inc.(DRE Broker ID 00490878)
估價金額：美金24,500,000元
11.專業估價師姓名:
Steve Gibson
12.專業估價師開業證書字號:
CA DRE License No. 00838073
13.估價報告是否為限定價格、特定價格或特殊價格:否或不適用
14.是否尚未取得估價報告:否或不適用
15.尚未取得估價報告之原因:
不適用
16.估價結果有重大差異時，其差異原因及會計師意見:
不適用
17.會計師事務所名稱:
不適用
18.會計師姓名:
不適用
19.會計師開業證書字號:
不適用
20.經紀人及經紀費用:
經紀人：Chicago Title Company
經紀費用：依合約辦理
21.取得或處分之具體目的或用途:
因應子公司ISE Labs未來產能擴充之需求
22.本次交易表示異議之董事之意見:
不適用
23.本次交易為關係人交易:否
24.董事會通過日期:
不適用
25.監察人承認或審計委員會同意日期:
不適用
26.本次交易係向關係人取得不動產或其使用權資產:否
27.依「公開發行公司取得或處分資產處理準則」第十六條規定
評估之價格:不適用
28.依前項評估之價格較交易價格為低者，依同準則第十七條規
定評估之價格:不適用
29.其他敘明事項:
無"
"1120901","1120831","144739","2634","漢翔","公告本公司內部稽核主管異動","第8款","1120831","1.人員變動別（請輸入發言人、代理發言人、重要營運主管(如:執行長、營運長、
行銷長及策略長等)、財務主管、會計主管、公司治理主管、資訊安全長、研發主管、
內部稽核主管或訴訟及非訟代理人）:內部稽核主管
2.發生變動日期:112/08/31
3.舊任者姓名、級職及簡歷:林富箕，
  漢翔航空工業股份有限公司稽核室 總檢核
4.新任者姓名、級職及簡歷:郭英富，
  漢翔航空工業股份有限公司生產處 處長
5.異動情形（請輸入「辭職」、「職務調整」、「資遣」、「退休」、「死亡」、「新
任」或「解任」）:退休
6.異動原因:本公司新任稽核主管業經112年08月31日董事會通過同意委任之。
7.生效日期:112/10/01
8.其他應敘明事項:無"
"1120901","1120831","145436","5225","東科-KY","更新本公司111年度股東會年報部分內容","第51款","1120831","1.事實發生日:112/08/31
2.公司名稱:東科控股股份有限公司
3.與公司關係(請輸入本公司或子公司):本公司
4.相互持股比例:不適用
5.發生緣由:更新111年度股東會年報部分內容
6.更正資訊項目/報表名稱:111年度股東會年報
7.更正前金額/內容/頁次:
中文版：封裏、44、60、83、144、181、195
英文版：封裏、69、89、125、243、262
8.更正後金額/內容/頁次:
中文版：封裏、44、60、83、144、181、195
英文版：封裏、69、89、125、243、262
9.因應措施:重新上傳年報至公開資訊觀測站
10.其他應敘明事項:無"
"1120901","1120831","145511","1538","正峰","公告本公司財務主管、代理發言人異動","第8款","1120831","1.人員變動別（請輸入發言人、代理發言人、重要營運主管(如:執行長、營運長、
行銷長及策略長等)、財務主管、會計主管、公司治理主管、資訊安全長、研發主管、
內部稽核主管或訴訟及非訟代理人）:財務主管、代理發言人
2.發生變動日期:112/08/31
3.舊任者姓名、級職及簡歷:
財務主管:不適用
代理發言人:李育成
4.新任者姓名、級職及簡歷:
財務主管、代理發言人:黃伯璁/財務長
中山大學財務管理系畢業
本公司/總經理特助
台灣艾華電子工業股份有限公司 / 董事長特助
台灣艾華電子工業股份有限公司 / 內控主管
磊昇資產管理有限公司 / 顧問
嘉威生活股份有限公司 / 董事
5.異動情形（請輸入「辭職」、「職務調整」、「資遣」、「退休」、「死亡」、「新
任」或「解任」）:
財務主管:新任
代理發言人:職務調整
6.異動原因:新任、職務調整
7.生效日期:112/08/31
8.其他應敘明事項:無"
"1120901","1120831","150036","8467","波力-KY","本公司受邀參加臺灣證券交易所舉辦之財務業務說明會","第12款","1120901","符合條款第四條第XX款：12
事實發生日：112/09/01
1.召開法人說明會之日期：112/09/01
2.召開法人說明會之時間：15 時 30 分 
3.召開法人說明會之地點：臺灣證券交易所1樓資訊展示中心(台北市信義路五段7號)
4.法人說明會擇要訊息：本公司受邀參加臺灣證券交易所舉辦之財務業務說明會，就本公司已公開發布之財務數字、經營績效等相關資訊做說明。
5.其他應敘明事項：相關資料將登載於公司網站及公開資訊觀測站。
完整財務業務資訊請至公開資訊觀測站之法人說明會一覽表或法說會項目下查閱。"
"1120901","1120831","150058","4938","和碩","本公司應邀參加富邦證券舉辦之法人企業日","第12款","1120901","符合條款第四條第XX款：12
事實發生日：112/09/01
1.召開法人說明會之日期：112/09/01
2.召開法人說明會之時間：15 時 30 分 
3.召開法人說明會之地點：&#29319;亞商務暨會議中心
4.法人說明會擇要訊息：本公司應邀參加富邦證券舉辦之法人企業日
5.其他應敘明事項：無
完整財務業務資訊請至公開資訊觀測站之法人說明會一覽表或法說會項目下查閱。"
"1120901","1120831","150351","2492","華新科","本公司研發主管異動","第8款","1120831","1.人員變動別（請輸入發言人、代理發言人、重要營運主管(如:執行長、營運長、
行銷長及策略長等)、財務主管、會計主管、公司治理主管、資訊安全長、研發主管、
內部稽核主管或訴訟及非訟代理人）:研發主管
2.發生變動日期:112/08/31
3.舊任者姓名、級職及簡歷:張瑞宗,本公司研發主管及執行副總經理
4.新任者姓名、級職及簡歷:曾明燦,本公司總經理
5.異動情形（請輸入「辭職」、「職務調整」、「資遣」、「退休」、「死亡」、「新
任」或「解任」）:退休
6.異動原因:退休
7.生效日期:112/09/01
8.其他應敘明事項:無"
"1120901","1120831","150549","8429","金麗-KY","公告更正本公司112年第2季IFRS iXBRL合併財報申報資訊","第51款","1120831","1.事實發生日:112/08/31
2.公司名稱:金麗集團控股有限公司
3.與公司關係(請輸入本公司或子公司):本公司
4.相互持股比例:不適用
5.發生緣由:更正本公司112年第2季IFRS iXBRL合併財報申報資訊
6.更正資訊項目/報表名稱:被投資公司名稱、所在地區...等相關資訊
7.更正前金額/內容/頁次:
(1)被投資公司：金蘋果香港
(2)本期認列之投資(損)益：新台幣 (4,084)仟元
8.更正後金額/內容/頁次:
(1)被投資公司：金蘋果香港
(2)本期認列之投資(損)益：新台幣 (4,984)仟元
9.因應措施:發佈重大訊息並將更正資料重新上傳至公開資訊觀測站
10.其他應敘明事項:無。"
"1120901","1120831","150611","6768","志強-KY","受臺灣證券交易所邀請參加112年第3季第&#12032;上市公司財務業務說明會","第12款","1120901","符合條款第四條第XX款：12
事實發生日：112/09/01
1.召開法人說明會之日期：112/09/01
2.召開法人說明會之時間：14 時 30 分 
3.召開法人說明會之地點：臺灣證券交易所1樓資訊展示中心(台北市信義路五段7號)
4.法人說明會擇要訊息：本公司受臺灣證券交易所邀請參加112年第3季第一上市公司財務業務說明會
5.其他應敘明事項：無
完整財務業務資訊請至公開資訊觀測站之法人說明會一覽表或法說會項目下查閱。"
"1120901","1120831","151743","1309","台達化","公告本公司代理發言人異動","第8款","1120831","1.人員變動別（請輸入發言人、代理發言人、重要營運主管(如:執行長、營運長、
行銷長及策略長等)、財務主管、會計主管、公司治理主管、資訊安全長、研發主管、
內部稽核主管或訴訟及非訟代理人）:代理發言人
2.發生變動日期:112/08/31
3.舊任者姓名、級職及簡歷:林金才、會計經理
4.新任者姓名、級職及簡歷:蕭聖穎、會計經理
5.異動情形（請輸入「辭職」、「職務調整」、「資遣」、「退休」、「死亡」、「新
任」或「解任」）:退休
6.異動原因:退休
7.生效日期:112/09/01
8.其他應敘明事項:無"
"1120901","1120831","151857","6213","聯茂","公告本公司對泰國子公司
ITEQ Corporation (Thailand) LTD.進行現金增資。","第20款","1120831","1.標的物之名稱及性質（屬特別股者，並應標明特別股約定發行條件，如股息率等）:
ITEQ Corporation (Thailand) LTD.之股權
2.事實發生日:112/3/17~112/8/31
3.交易數量、每單位價格及交易總金額:
(1)交易單位數量:約 6,500,000股 
(2)交易總金額:泰銖 6.5億元
4.交易相對人及其與公司之關係（交易相對人如屬自然人，且非公司之
關係人者，得免揭露其姓名）:
ITEQ Corporation (Thailand) LTD.; 本公司之子公司
5.交易相對人為關係人者，並應公告選定關係人為交易對象之原因及前次移
轉之所有人、前次移轉之所有人與公司及交易相對人間相互之關係、前次
移轉日期及移轉金額:
不適用
6.交易標的最近五年內所有權人曾為公司之關係人者，尚應公告關係人之取
得及處分日期、價格及交易當時與公司之關係:
不適用
7.本次係處分債權之相關事項（含處分之債權附隨擔保品種類、處分債權
如有屬對關係人債權者尚需公告關係人名稱及本次處分該關係人之債權
帳面金額:
不適用
8.處分利益（或損失）（取得有價證券者不適用）（原遞延者應列表說明
認列情形）:
不適用
9.交付或付款條件（含付款期間及金額）、契約限制條款及其他重要約定
事項:
不適用
10.本次交易之決定方式、價格決定之參考依據及決策單位:
決策單位為董事會
11.取得或處分有價證券標的公司每股淨值:
不適用
12.迄目前為止，累積持有本交易證券（含本次交易）之數量、金額、持股
比例及權利受限情形（如質押情形）:
(1)含本次交易累計投資數量: 6,500,000股
(2)含本次交易累計投資金額:泰銖 6.5億元
(3)持股比例:約99.999%
(4)權利受限情形:無
13.迄目前為止，依「公開發行公司取得或處分資產處理準則」第三條所列
之有價證券投資（含本次交易）占公司最近期財務報表中總資產及歸屬
於母公司業主之權益之比例暨最近期財務報表中營運資金數額（註二）:
(1)占總資產之比例:85.66%
(2)占歸屬母公司業主權益之比例:114.33%
(3)營運資金數額:新台幣 -1,183,117仟元
14.經紀人及經紀費用:
不適用
15.取得或處分之具體目的或用途:
為因應全球供應鍊之變化及客戶需求
16.本次交易表示異議董事之意見:
無
17.本次交易為關係人交易:是
18.董事會通過日期:
1.民國112年3月7日
19.監察人承認或審計委員會同意日期:
1.民國112年3月7日
20.本次交易會計師出具非合理性意見:不適用
21.會計師事務所名稱:
不適用
22.會計師姓名:
不適用
23.會計師開業證書字號:
不適用
24.是否涉及營運模式變更:否
25.營運模式變更說明:
不適用
26.過去一年及預計未來一年內與交易相對人交易情形:
不適用
27.資金來源:
自有資金、金融機構借款及海內外資本市場籌措。
28.其他敘明事項:
無"
"1120901","1120831","152518","2885","元大金","元大金控代子公司元大儲蓄銀行(菲律賓)公告內部稽核主管
異動","第8款","1120831","1.人員變動別（請輸入發言人、代理發言人、重要營運主管(如:執行長、營運長、
行銷長及策略長等)、財務主管、會計主管、公司治理主管、資訊安全長、研發主管、
內部稽核主管或訴訟及非訟代理人）:內部稽核主管
2.發生變動日期:112/08/31
3.舊任者姓名、級職及簡歷:John Paulo S. Paat/Chief Internal Auditor
of Yuanta Savings Bank (Philippines)
4.新任者姓名、級職及簡歷:Patricia Mercado Tapalla/Chief Risk
Officer of Malayan Savings Bank
5.異動情形（請輸入「辭職」、「職務調整」、「資遣」、「退休」、「死亡」、「新
任」或「解任」）:職務調整
6.異動原因:職務調整
7.生效日期:112/09/15
8.其他應敘明事項:原代理人John Paulo S. Paat免予代理"
"1120901","1120831","153319","1337","再生-KY","更正112年第二季IFRSs iXBRL報告內容","第51款","1120831","1.事實發生日:112/08/31
2.公司名稱:亞洲塑膠再生資源控股有限公司
3.與公司關係(請輸入本公司或子公司):本公司
4.相互持股比例:不適用
5.發生緣由:更正112年第二季IFRSs iXBRL報告內容
6.更正資訊項目/報表名稱:IFRSsiXBRL財務報表申報作業/資產負債表、
損益表、股東權益變動表及合併現金流量表
7.更正前金額/內容/頁次:
1.資產負債表/資本公積、待彌補虧損、國外營運機構財務報表換算之兌換差額/
1,984,352、(183,230)、(502,271)
2.綜合損益表/本期管理費用、本期不重分類至損益之其他項目、
本期累積管理費用、本期累積不重分類至損益之其他項目/
36,521、(159,967)、74,221、(134,231)
3.現金流量表/本期稅前淨利（淨損）、股份基礎給付酬勞成本/
(183,230)、456
4.權益變動表/本期淨利（淨損）、本期其他綜合損益、股份基礎給付
(183,230)、(134,231)、456
8.更正後金額/內容/頁次:
1.資產負債表/資本公積、待彌補虧損、國外營運機構財務報表換算之兌換差額/
1,984,504、(182,913)、(502,740)
2.綜合損益表/本期管理費用、本期不重分類至損益之其他項目、
本期累積管理費用、本期累積不重分類至損益之其他項目/
36,204、(160,436)、73,904 (134,700)
3.現金流量表/本期稅前淨利（淨損）、股份基礎給付酬勞成本/
(182,913)、608
4.權益變動表/本期淨利（淨損）、本期其他綜合損益、股份基礎給付
(182,913)、(134,700)、608
9.因應措施:發布重大訊息後，重新上傳公開資訊觀測站。
10.其他應敘明事項:無。"
"1120901","1120831","153651","2610","華航","(補充公告112/08/09重大訊息)公告本公司執行747-400F貨機
售案之相關訊息","第20款","1120831","1.標的物之名稱及性質（如坐落台中市北區ＸＸ段ＸＸ小段土地）:
747-400F貨機售案
2.事實發生日:112/8/31~112/8/31
3.交易單位數量（如ＸＸ平方公尺，折合ＸＸ坪）、每單位價格及交易總金額:
交易單位數量：2架；
交易總金額：不超過美金5,000萬元
4.交易相對人及其與公司之關係（交易相對人如屬自然人，且非公司之關
係人者，得免揭露其姓名）:
交易相對人：FLUGFELAGID ATLANTA EHF (經營別稱AIR ATLANTA ICELANDIC) 
與公司之關係：非公司之關係人
5.交易相對人為關係人者，並應公告選定關係人為交易對象之原因及前次移轉之
所有人、前次移轉之所有人與公司及交易相對人間相互之關係、前次移轉日期
及移轉金額:
不適用。
6.交易標的最近五年內所有權人曾為公司之關係人者，尚應公告關係
人之取得及處分日期、價格及交易當時與公司之關係:
不適用。
7.預計處分利益（或損失）（取得資產者不適用）（遞延者應列表說明
認列情形）:
不超過美金728萬元。
8.交付或付款條件（含付款期間及金額）、契約限制條款及其他重要約定
事項:
交付或付款條件：依據合約。
契約限制條款及其他重要約定事項：無。
9.本次交易之決定方式（如招標、比價或議價）、價格決定之參考依據及
決策單位:
本次交易之決定方式：議價。
價格決定之參考依據：市場價格。
決策單位：112年8月9日董事會授權董事長決行。
10.專業估價者事務所或公司名稱及其估價金額:
不適用。
11.專業估價師姓名:
不適用。
12.專業估價師開業證書字號:
不適用。
13.估價報告是否為限定價格、特定價格或特殊價格:否或不適用
14.是否尚未取得估價報告:否或不適用
15.尚未取得估價報告之原因:
不適用
16.估價結果有重大差異時，其差異原因及會計師意見:
不適用。
17.會計師事務所名稱:
不適用。
18.會計師姓名:
不適用。
19.會計師開業證書字號:
不適用。
20.經紀人及經紀費用:
無。
21.取得或處分之具體目的或用途:
配合機隊計畫處置航機。
22.本次交易表示異議之董事之意見:
無。
23.本次交易為關係人交易:否
24.董事會通過日期:
民國112年8月9日
25.監察人承認或審計委員會同意日期:
民國112年8月9日
26.本次交易係向關係人取得不動產或其使用權資產:否
27.依「公開發行公司取得或處分資產處理準則」第十六條規定
評估之價格:不適用
28.依前項評估之價格較交易價格為低者，依同準則第十七條規
定評估之價格:不適用
29.其他敘明事項:
無。"
"1120901","1120831","154258","2412","中華電","代子公司中華系統整合(股)公司公告向中華電信(股)公司
取得使用權資產","第20款","1120831","1.標的物之名稱及性質（如坐落台中市北區ＸＸ段ＸＸ小段土地）:
(1)台北市大安區愛國東路3*號1樓
(2)台北市大安區愛國東路3*號8樓及地下一樓
2.事實發生日:112/8/31~112/8/31
3.交易單位數量（如ＸＸ平方公尺，折合ＸＸ坪）、每單位價格及交易總金額:
(1)台北市大安區愛國東路3*號1樓
   交易數量：總坪數168坪
   每單位價格：平均每坪租金每月新台幣2,107元
   交易總金額：契約總金額新台幣12,743,136元(含稅)
   使用權資產金額：新台幣11,600,368元
(2)台北市大安區愛國東路3*號8樓及地下一樓
   交易數量：總坪數246.94坪
   每單位價格：平均每坪租金每月新台幣1521.8元
   交易總金額：契約總金額新台幣13,528,416元(含稅)
   使用權資產金額：新台幣12,348,481元
合計交易總金額：26,271,552元(含稅)
合計使用權資產金額：23,948,849元
4.交易相對人及其與公司之關係（交易相對人如屬自然人，且非公司之關
係人者，得免揭露其姓名）:
交易相對人：中華電信股份有限公司
與公司之關係：母公司
5.交易相對人為關係人者，並應公告選定關係人為交易對象之原因及前次移轉之
所有人、前次移轉之所有人與公司及交易相對人間相互之關係、前次移轉日期
及移轉金額:
選定關係人為交易對象之原因：業務上整體規劃考量
前次移轉之所有人、前次移轉之所有人與公司及交易相對人間相互之關係、前次移轉
日期及移轉金額：不適用
6.交易標的最近五年內所有權人曾為公司之關係人者，尚應公告關係
人之取得及處分日期、價格及交易當時與公司之關係:
不適用
7.預計處分利益（或損失）（取得資產者不適用）（遞延者應列表說明
認列情形）:
不適用
8.交付或付款條件（含付款期間及金額）、契約限制條款及其他重要約定
事項:
(1)交付或付款條件：月付
   租期：112/10/01~115/09/30
   契約限制條款及其他重要約定事項：無
(2)交付或付款條件：季付
   租期：112/10/01~115/09/30
   契約限制條款及其他重要約定事項：無
9.本次交易之決定方式（如招標、比價或議價）、價格決定之參考依據及
決策單位:
交易決定方式及價格參考依據：依據市場行情進行議價
決策單位：董事會
10.專業估價者事務所或公司名稱及其估價金額:
不適用
11.專業估價師姓名:
不適用
12.專業估價師開業證書字號:
不適用
13.估價報告是否為限定價格、特定價格或特殊價格:否或不適用
14.是否尚未取得估價報告:否或不適用
15.尚未取得估價報告之原因:
不適用
16.估價結果有重大差異時，其差異原因及會計師意見:
不適用
17.會計師事務所名稱:
不適用
18.會計師姓名:
不適用
19.會計師開業證書字號:
不適用
20.經紀人及經紀費用:
不適用
21.取得或處分之具體目的或用途:
作為自用營業場所使用
22.本次交易表示異議之董事之意見:
無
23.本次交易為關係人交易:是
24.董事會通過日期:
民國112年08月31日
25.監察人承認或審計委員會同意日期:
民國112年08月31日
26.本次交易係向關係人取得不動產或其使用權資產:是
27.依「公開發行公司取得或處分資產處理準則」第十六條規定
評估之價格:不適用
28.依前項評估之價格較交易價格為低者，依同準則第十七條規
定評估之價格:不適用
29.其他敘明事項:
無"
"1120901","1120831","155602","2455","全新","係因本公司有價證券於集中交易市場達公布注意交易資訊
標準，故公布相關財務業務等重大訊息，以利投資人區別瞭解","第51款","1120831","1.事實發生日:112/08/31
2.發生緣由:依臺灣證券交易所股份有限公司指示辦理。
3.財務業務資訊:
          最近一月  與去年同期   最近一季   與去年同期    最近四季累計
科目      112年7月    增減(%)   112年第2季     增減%       111年第3季
                                                          至112年第2季
                (自結數)               (核閱數)           (查核/核閱數)
---------------------------------------------------------------------------
營業收入   224.34     17.56%       594.32    -19.28%         2,016.90
(百萬)
稅前淨利    38.82    -29.19%       111.48    -47.26%           310.30
(百萬)
本期淨利    31.06    -29.17%       106.16    -42.44%           260.72
(百萬)
每股盈餘     0.17    -29.17%         0.57    -43.00%             1.41
(元)
4.有無「臺灣證券交易所股份有限公司對有價證券上市公司重大訊息之查證暨公開處理
  程序」第4條所列重大訊息之情事（如「有」，請說明）:無。
5.有無「臺灣證券交易所股份有限公司對有價證券上市公司重大訊息之查證暨公開處理
  程序」第11條所列重大訊息說明記者會之情事:無。
6.完整財務資訊請至公開資訊觀測站查閱，路徑如下：
(1)近期營業收入及損益資訊：基本資料>精華版
(2)歷史每月營業收入：營運概況>每月營收>採用IFRSs後之月營業收入資訊
(3)歷史損益(會計師查核/核閱數)：財務報表>採IFRSs後>合併/個別報表>綜合損益表
(4)歷史損益(自願性公告自結數)：營運概況>自結損益公告:
7.其他應敘明事項:無。"
"1120901","1120831","155755","4930","燦星網","代子公司上海燦坤實業有限公司公告處分廈門國際銀行
股份有限公司發行之理財產品事宜","第20款","1120831","1.標的物之名稱及性質（屬特別股者，並應標明特別股約定發行條件，如股息率等）:
標的物名稱：結構性存款
標的物性質：保本浮動收益
2.事實發生日:112/8/31~112/8/31
3.交易數量、每單位價格及交易總金額:
處分理財產品之交易總金額：人民幣55,000仟元(約新台幣242,413仟元)
4.交易相對人及其與公司之關係（交易相對人如屬自然人，且非公司之
關係人者，得免揭露其姓名）:
交易相對人：廈門國際銀行股份有限公司
與公司之關係：無
5.交易相對人為關係人者，並應公告選定關係人為交易對象之原因及前次移
轉之所有人、前次移轉之所有人與公司及交易相對人間相互之關係、前次
移轉日期及移轉金額:
不適用
6.交易標的最近五年內所有權人曾為公司之關係人者，尚應公告關係人之取
得及處分日期、價格及交易當時與公司之關係:
不適用
7.本次係處分債權之相關事項（含處分之債權附隨擔保品種類、處分債權
如有屬對關係人債權者尚需公告關係人名稱及本次處分該關係人之債權
帳面金額:
不適用
8.處分利益（或損失）（取得有價證券者不適用）（原遞延者應列表說明
認列情形）:
人民幣1,841仟元(約新台幣8,115仟元)
9.交付或付款條件（含付款期間及金額）、契約限制條款及其他重要約定
事項:
交易當天以現金付清
10.本次交易之決定方式、價格決定之參考依據及決策單位:
依公司核決權限辦理
11.取得或處分有價證券標的公司每股淨值:
不適用
12.迄目前為止，累積持有本交易證券（含本次交易）之數量、金額、持股
比例及權利受限情形（如質押情形）:
迄目前為止(含本次交易)，累積持有廈門國際銀行
股份有限公司發行之理財產品，共計人民幣115,000仟元
13.迄目前為止，依「公開發行公司取得或處分資產處理準則」第三條所列
之有價證券投資（含本次交易）占公司最近期財務報表中總資產及歸屬
於母公司業主之權益之比例暨最近期財務報表中營運資金數額（註二）:
佔總資產比例：13.20% 
佔股東權益比例：16.93%
營運資金：新台幣116,661仟元
14.經紀人及經紀費用:
無
15.取得或處分之具體目的或用途:
短期投資
16.本次交易表示異議董事之意見:
無
17.本次交易為關係人交易:否
18.董事會通過日期:
不適用
19.監察人承認或審計委員會同意日期:
不適用
20.本次交易會計師出具非合理性意見:不適用
21.會計師事務所名稱:
不適用
22.會計師姓名:
不適用
23.會計師開業證書字號:
不適用
24.是否涉及營運模式變更:否
25.營運模式變更說明:
否
26.過去一年及預計未來一年內與交易相對人交易情形:
不適用
27.資金來源:
不適用
28.其他敘明事項:
無"
"1120901","1120831","160416","2023","燁輝","公告本公司辦理第十次庫藏股註銷減資變更登記完成","第36款","1120831","1.主管機關核准減資日期:112/07/10
2.辦理資本變更登記完成日期:112/08/29
3.對財務報告之影響（含實收資本額與流通在外股數之差異與對每股淨值之影響）:
(1)庫藏股股份註銷減資前：
   實收資本額為新台幣19,758,649,940元；
   股數為1,975,864,994股；
   每股淨值為新台幣 15.53元
(2)庫藏股股份註銷減資後：
   實收資本額為新台幣19,658,439,940元；
   股數為1,965,843,994股；
   每股淨值為新台幣 15.61元
4.預計換股作業計畫:不適用
5.預計減資新股上市後之上市普通股股數:不適用
6.預計減資新股上市後之上市普通股股數占已發行普通股比率
 （減資後上市普通股股數/減資後已發行普通股股數）:不適用
7.前二項預計減資後上巿普通股股數未達6000萬股且未達25%者，請說明股權流通性偏低
  之因應措施:不適用
8.其他應敘明事項:
(1)本公司於112年8月31日始取得經濟部商業司之變更登記核准函。
(2)每股淨值係依最近一期(112年第2季)會計師核閱後合併財務報表為計算依據。"
"1120901","1120831","160906","2364","倫飛","係因本公司有價證券於集中交易市場達公布注意交易資訊
標準，故公布相關財務業務等重大訊息，以利投資人區別瞭解。","第51款","1120831","1.事實發生日:112/08/31
2.發生緣由:依臺灣證券交易所通知辦理
3.財務業務資訊:

期間      最近一月      與去年     最近一季       與去年      最近四季累計
科目      (112年7月    同期增減    (112年第2     同期增減     (111年第3季
          自結數)       (%)         季核閱數)      (%)        ~112年第2季)
======== =========== ============= =========== ============ ===============
營業收入    82           6.02%       274          14.80%         1,030
(百萬)　
稅前淨利    13          45.29%        44          84.94%          108
(百萬)
本期淨利    13          45.29%        44          84.94%          108
(百萬)
每股盈餘   0.52         44.44%       1.78         85.42%          4.37
(元)

4.有無「臺灣證券交易所股份有限公司對有價證券上市公司重大訊息之查證暨公開處理
  程序」第4條所列重大訊息之情事（如「有」，請說明）:無
5.有無「臺灣證券交易所股份有限公司對有價證券上市公司重大訊息之查證暨公開處理
  程序」第11條所列重大訊息說明記者會之情事:無
6.完整財務資訊請至公開資訊觀測站查閱，路徑如下：
(1)近期營業收入及損益資訊：基本資料>精華版
(2)歷史每月營業收入：營運概況>每月營收>採用IFRSs後之月營業收入資訊
(3)歷史損益(會計師查核/核閱數)：財務報表>採IFRSs後>合併/個別報表>綜合損益表
(4)歷史損益(自願性公告自結數)：營運概況>自結損益公告:
7.其他應敘明事項:
(1)增減比率過大之差異說明如下：
最近一季較去年同期增加主要係出售林園廠土地及廠房之處分利益所致。
(2)本公司所公告之112年7月為合併自結數未經會計師查核，112年第2季為經會計
師核閱，最近四季累計數係採用合併資訊累加計算111年第3季至第4季經會計師
查核及112年第1季至第2季經會計師核閱數。"
"1120901","1120831","161338","3003","健和興","更新本公司111年度股東會年報部分內容","第51款","1120831","1.事實發生日:112/08/31
2.公司名稱:健和興端子股份有限公司
3.與公司關係(請輸入本公司或子公司):本公司
4.相互持股比例:不適用
5.發生緣由:更新本公司111年度股東會年報部分內容
6.更正資訊項目/報表名稱:111年度股東會年報
7.更正前金額/內容/頁次:
中文版：第13、15-16、58頁
英文版：第14-16、76頁
8.更正後金額/內容/頁次:
中文版：第13、15-16、59-61頁
英文版：第14-17、77-80頁
9.因應措施:更新後上傳至公開資訊觀測站。
10.其他應敘明事項:無。"
"1120901","1120831","161514","1216","統一","代重要子公司統一企業(中國)投資有限公司公告董事會決議
發放股利","第14款","1120831","1.董事會決議日期:112/08/31
2.發放股利種類及金額:發放現金股利總金額為人民幣3億
3.其他應敘明事項:無"
"1120901","1120831","161557","1216","統一","代重要子公司統一企業香港控股有限公司公告董事會決議
發放股利","第14款","1120831","1.董事會決議日期:112/08/31
2.發放股利種類及金額:發放現金股利總金額為人民幣2.85億
3.其他應敘明事項:無"
"1120901","1120831","161641","1216","統一","代重要子公司UNI-PRESIDENT ASIA HOLDINGS LTD.
公告董事會決議發放股利","第14款","1120831","1.董事會決議日期:112/08/31
2.發放股利種類及金額:發放現金股利總金額為人民幣2.85億
3.其他應敘明事項:無"
"1120901","1120831","162803","2609","陽明","代子公司陽明(土耳其)有限公司公告租入土耳其伊斯坦堡辦公室","第20款","1120831","1.標的物之名稱及性質（如坐落台中市北區ＸＸ段ＸＸ小段土地）:
TEKFEN商業大樓: Esentepe Mahallesi Buyukdere Caddesi No:209, Kat:12,
34394 4. Levent, Sisli/ Istanbul
2.事實發生日:112/8/31~112/8/31
3.交易單位數量（如ＸＸ平方公尺，折合ＸＸ坪）、每單位價格及交易總金額:
辦公室面積為294平方公尺，折合88.94坪
(其中211平方公尺為辦公區域；83平方公尺為公共區域)
每月租金新台幣193,484 ~ 213,845元(USD6,158~USD6,806)
總租金新台幣2,321,808～2,566,140元(USD73,896~USD81,672)
4.交易相對人及其與公司之關係（交易相對人如屬自然人，且非公司之關
係人者，得免揭露其姓名）:
Arkas Holding A.&#350;.；合資方
5.交易相對人為關係人者，並應公告選定關係人為交易對象之原因及前次移轉之
所有人、前次移轉之所有人與公司及交易相對人間相互之關係、前次移轉日期
及移轉金額:
續租辦公室
6.交易標的最近五年內所有權人曾為公司之關係人者，尚應公告關係
人之取得及處分日期、價格及交易當時與公司之關係:
不適用
7.預計處分利益（或損失）（取得資產者不適用）（遞延者應列表說明
認列情形）:
不適用
8.交付或付款條件（含付款期間及金額）、契約限制條款及其他重要約定
事項:
依合約規定付款
9.本次交易之決定方式（如招標、比價或議價）、價格決定之參考依據及
決策單位:
比價;董事會
10.專業估價者事務所或公司名稱及其估價金額:
不適用
11.專業估價師姓名:
不適用
12.專業估價師開業證書字號:
不適用
13.估價報告是否為限定價格、特定價格或特殊價格:否或不適用
14.是否尚未取得估價報告:否或不適用
15.尚未取得估價報告之原因:
不適用
16.估價結果有重大差異時，其差異原因及會計師意見:
不適用
17.會計師事務所名稱:
不適用
18.會計師姓名:
不適用
19.會計師開業證書字號:
不適用
20.經紀人及經紀費用:
無
21.取得或處分之具體目的或用途:
營業用途
22.本次交易表示異議之董事之意見:
無
23.本次交易為關係人交易:是
24.董事會通過日期:
民國112年8月31日
25.監察人承認或審計委員會同意日期:
民國112年8月31日
26.本次交易係向關係人取得不動產或其使用權資產:是
27.依「公開發行公司取得或處分資產處理準則」第十六條規定
評估之價格:不適用
28.依前項評估之價格較交易價格為低者，依同準則第十七條規
定評估之價格:不適用
29.其他敘明事項:
無"
"1120901","1120831","163603","6116","彩晶","本公司112年股東常會年報(股東會後修訂本)","第51款","1120831","1.事實發生日:112/08/31
2.公司名稱:瀚宇彩晶股份有限公司
3.與公司關係(請輸入本公司或子公司):本公司
4.相互持股比例:不適用
5.發生緣由:111年度年報頁次17/19/103~104內容補充說明
6.更正資訊項目/報表名稱:最近年度支付董事、監察人、總經理及副總經理之
報酬及其他重要風險及因應措施
7.更正前金額/內容/頁次:
一般董事及獨立董事之酬金/P17
總經理及副總經理之酬金/P19
(十三)其他重要風險及因應措施：/P103~P104
8.更正後金額/內容/頁次:
一般董事及獨立董事之酬金/P17
總經理及副總經理之酬金(個別揭露)/P19
(十三)其他重要風險及因應措施：/P103-P104
9.因應措施:重新上傳112年股東常會年報-(股東會後修訂本)資料年度111年
(中、英版本）
10.其他應敘明事項:無"
"1120901","1120831","163633","1714","和桐","代重要子公司金桐石油化工有限公司公告董監事改選","第6款","1120831","1.發生變動日期:112/08/31
2.選任或變動人員別（請輸入法人董事、法人監察人、獨立董事、自然人董事
  或自然人監察人）:法人董事、法人監察人
3.舊任者職稱及姓名:
法人董事：
Paotze Investment Limited代表人 林錦花
Paotze Investment Limited代表人 陳怡如
Paotze Investment Limited代表人 陳威宇
Paotze Investment Limited代表人 陳憲誠
法人監察人：
Paotze Investment Limited代表人 李盈嚴
4.舊任者簡歷:
法人董事：
林錦花 金桐石油化工有限公司 董事
陳怡如 Paotze Investment Limited 董事
陳威宇 Paotze Investment Limited 董事
陳憲誠 金桐石油化工有限公司 董事
法人監察人：
李盈嚴 金桐石油化工有限公司 監察人
5.新任者職稱及姓名:
法人董事：
Paotze Investment Limited代表人 陳怡如
Paotze Investment Limited代表人 陳憲誠
Paotze Investment Limited代表人 陳舜(田井)
Paotze Investment Limited代表人 李盈嚴
法人監察人：
Paotze Investment Limited代表人 薄榮萍
6.新任者簡歷:
法人董事：
陳怡如 Paotze Investment Limited 董事
陳憲誠 金桐石油化工有限公司 董事
陳舜(田井) Profit Circle 董事
李盈嚴 金桐石油化工有限公司 監察人
法人監察人：
薄榮萍 和桐化學(股)公司 協理
7.異動情形（請輸入「辭職」、「解任」、「任期屆滿」、「逝世」或「新任」）:
任期屆滿
8.異動原因:任期屆滿
9.新任者選任時持股數:不適用
10.原任期（例xx/xx/xx ~ xx/xx/xx）:108/03/01~112/08/31
11.新任生效日期:112/09/01
12.同任期董事變動比率:不適用
13.同任期獨立董事變動比率:不適用
14.同任期監察人變動比率:不適用
15.屬三分之一以上董事發生變動（請輸入是或否）:否
16.其他應敘明事項(若事件發生或決議之主體係屬公開發行以上公司，本則重大訊息同時
   符合證券交易法施行細則第7條第6款所定對股東權益或證券價格有重大影響之事項):
無"
"1120901","1120831","163704","1714","和桐","代重要子公司金桐石油化工有限公司公告總經理續任","第6款","1120831","1.董事會決議日期或發生變動日期:112/08/31
2.人員別（請輸入董事長或總經理）:總經理
3.舊任者姓名:陳憲誠
4.舊任者簡歷:金桐石油化工有限公司總經理
5.新任者姓名:陳憲誠
6.新任者簡歷:金桐石油化工有限公司總經理
7.異動情形（請輸入「辭職」、「解任」、「任期屆滿」、「職務調整」、「資遣」、
「退休」、「逝世」或「新任」）:任期屆滿
8.異動原因:任期屆滿
9.新任生效日期:112/09/01
10.其他應敘明事項(若事件發生或決議之主體係屬公開發行以上公司，本則重大訊息同時
   符合證券交易法施行細則第7條第6款所定對股東權益或證券價格有重大影響之事項):無"
"1120901","1120831","163753","6405","悅城","公告本公司代理發言人、財務主管、會計主管及公司治理主管異動","第8款","1120831","1.人員變動別（請輸入發言人、代理發言人、重要營運主管(如:執行長、營運長、
行銷長及策略長等)、財務主管、會計主管、公司治理主管、資訊安全長、研發主管、
內部稽核主管或訴訟及非訟代理人）:代理發言人、財務主管、會計主管及公司治理主管
2.發生變動日期:112/08/31
3.舊任者姓名、級職及簡歷:江慶偉、悅城科技股份有限公司 財務處長
4.新任者姓名、級職及簡歷:不適用
5.異動情形（請輸入「辭職」、「職務調整」、「資遣」、「退休」、「死亡」、「新
任」或「解任」）:辭職
6.異動原因:辭職
7.生效日期:112/08/31
8.其他應敘明事項:新任主管待選任後再行公告。"
"1120901","1120831","164210","2881","富邦金","富邦金控代富邦證券(香港)有限公司公告董事會決議
不發放股利","第14款","1120831","1.董事會決議日期:112/08/31
2.發放股利種類及金額:無
3.其他應敘明事項:無"
"1120901","1120831","164223","2881","富邦金","富邦金控代富邦證券(香港)有限公司公告112年度股東周年
常會重要決議事項","第18款","1120831","1.股東常會日期:112/08/31
2.重要決議事項一、盈餘分配或盈虧撥補:決議111年度不分配盈餘
3.重要決議事項二、章程修訂:無
4.重要決議事項三、營業報告書及財務報表:
通過111年度之經審核賬目及會計師報告書
5.重要決議事項四、董監事選舉:無
6.重要決議事項五、其他事項:(1)再度聘請華利信會計師事務所為核數師
(2)確認董事連任:
(a)程明乾先生
(b)郭永宜先生
(c)于大龍先生
(d)施子裕先生
(e)邱國豪先生
7.其他應敘明事項:無"
"1120901","1120831","164236","2881","富邦金","富邦金控代富邦證券(香港)公告董事派任情形","第6款","1120831","1.發生變動日期:112/08/31
2.選任或變動人員別（請輸入法人董事、法人監察人、獨立董事、自然人董事
  或自然人監察人）:自然人董事
3.舊任者職稱及姓名:
董事及董事長/程明乾
董事/郭永宜
董事/于大龍
董事/施子裕
董事/邱國豪
4.舊任者簡歷:
程明乾/現任富邦證券(香港)董事及董事長
郭永宜/現任富邦證券(香港)董事
于大龍/現任富邦證券(香港)董事
施子裕/現任富邦證券(香港)董事
邱國豪/現任富邦證券(香港)董事
5.新任者職稱及姓名:
董事及董事長/程明乾
董事/郭永宜
董事/于大龍
董事/施子裕
董事/邱國豪
6.新任者簡歷:
程明乾/現任富邦證券(香港)董事及董事長
郭永宜/現任富邦證券(香港)董事
于大龍/現任富邦證券(香港)董事
施子裕/現任富邦證券(香港)董事
邱國豪/現任富邦證券(香港)董事
7.異動情形（請輸入「辭職」、「解任」、「任期屆滿」、「逝世」或「新任」）:
法人股東派任代表人
8.異動原因:法人股東派任代表人
9.新任者選任時持股數:不適用
10.原任期（例xx/xx/xx ~ xx/xx/xx）:
111/08/31至112/08/31
11.新任生效日期:112/08/31
12.同任期董事變動比率:不適用
13.同任期獨立董事變動比率:不適用
14.同任期監察人變動比率:不適用
15.屬三分之一以上董事發生變動（請輸入是或否）:否
16.其他應敘明事項(若事件發生或決議之主體係屬公開發行以上公司，本則重大訊息同時
   符合證券交易法施行細則第7條第6款所定對股東權益或證券價格有重大影響之事項):
無"
"1120901","1120831","164248","2881","富邦金","富邦金控代日盛嘉富證券國際有限公司公告董事會決議
不發放股利","第14款","1120831","1.董事會決議日期:112/08/31
2.發放股利種類及金額:無
3.其他應敘明事項:無"
"1120901","1120831","164300","2881","富邦金","富邦金控代日盛嘉富證券國際有限公司公告112年度
股東周年常會重要決議事項","第18款","1120831","1.股東常會日期:112/08/31
2.重要決議事項一、盈餘分配或盈虧撥補:決議111年度不分配盈餘
3.重要決議事項二、章程修訂:無
4.重要決議事項三、營業報告書及財務報表:
通過111年度之經審核賬目及會計師報告書
5.重要決議事項四、董監事選舉:無
6.重要決議事項五、其他事項:(1)再度聘請華利信會計師事務所為核數師
(2)確認董事連任:
(a)程明乾先生
(b)李青蓉小姐
(c)于大龍先生
7.其他應敘明事項:無"
"1120901","1120831","164811","6168","宏齊","係因本公司有價證券於集中交易市場達公布注意交易資訊標準，
故公布相關財務業務等重大訊息，以利投資人區別瞭解","第51款","1120831","1.事實發生日:112/08/31
2.發生緣由:依臺灣證券交易所股份有限公司通知辦理。
3.財務業務資訊:
本公司近期之財務資料列示如下：
期間       最近一月     與去年同   最近一季    與去年同    最近四季累計

科目      (112年07月)   期增減%   (112年第2季)  期增減%    (111年第3季
                                                           至112年第2季)
            (IFRS合併自結數)       (IFRS合併核閱數)     IFRS合併核閱數)
--------- ------------  --------  -----------  --------  ---------------
 營業收入      167        -6%         473         -35%        2,039
(百萬)
稅前淨利        15       -49%          51         -64%          232
(百萬)
歸屬母公司      13       -50%          51         -55%          204
業主淨利(百萬)
每股盈餘      0.06       -42%        0.25         -55%         1.00
(元)

4.有無「臺灣證券交易所股份有限公司對有價證券上市公司重大訊息之查證暨公開處理
  程序」第4條所列重大訊息之情事（如「有」，請說明）: 無
5.有無「臺灣證券交易所股份有限公司對有價證券上市公司重大訊息之查證暨公開處理
  程序」第11條所列重大訊息說明記者會之情事: 無
6.完整財務資訊請至公開資訊觀測站查閱，路徑如下：
(1)近期營業收入及損益資訊：基本資料>精華版
(2)歷史每月營業收入：營運概況>每月營收>採用IFRSs後之月營業收入資訊
(3)歷史損益(會計師查核/核閱數)：財務報表>採IFRSs後>合併/個別報表>綜合損益表
(4)歷史損益(自願性公告自結數)：營運概況>自結損益公告:
7.其他應敘明事項:無"
"1120901","1120831","164840","3701","大眾控","主旨:代重要子公司廣上科技(廣州)股份有限公司公告臨時
股東會重要決議事項","第18款","1120831","1.股東臨時會日期:112/08/31
2.重要決議事項:
(1)關於公司新增註冊資本的議案:通過
(2)關於修訂《公司章程》並辦理變更登記的議案:通過
3.其他應敘明事項:無"
"1120901","1120831","164919","6116","彩晶","公告董事會通過修訂「111年第一次買回股份轉讓
員工辦法」部分條文","第51款","1120831","1.事實發生日:112/08/31
2.公司名稱:瀚宇彩晶股份有限公司
3.與公司關係(請輸入本公司或子公司):本公司
4.相互持股比例:不適用
5.發生緣由:
本公司董事會通過修訂111年第一次買回股份轉讓員工辦法
6.因應措施:
本公司「111年第一次買回股份轉讓員工辦法」修訂前後對照如下：
修訂前
  第三條 (轉讓期間)
本次買回之股份，得依本辦法之規定，自買回股份之日起一年內，
一次或分次轉讓予員工。
修訂後
  第三條 (轉讓期間)
本次買回之股份，得依本辦法之規定，自買回股份之日起三年內，
一次或分次轉讓予員工。
7.其他應敘明事項(若事件發生或決議之主體係屬公開發行以上公司，本則重大訊息同時
  符合證券交易法施行細則第7條第9款所定對股東權益或證券價格有重大影響之事項):無"
"1120901","1120831","165157","2891","中信金","(更正111/8/24公告)子公司中信銀公告發行112年度第1期
無擔保主順位金融債券","第11款","1120831","1.董事會決議日期:NA
2.名稱﹝XX公司第X次（有、無）擔保公司債﹞:中國信託商業銀行　
股份有限公司112年度第1期無擔保主順位12個月期美元計價提前出場
一籃子股權連結固定收益(Fixed Coupon)型不保本金融債券
3.是否採總括申報發行公司債(是/否):否
4.發行總額:美元1,000,000元整
5.每張面額:美元50,000元
6.發行價格:於發行日按債券面額十足發行
7.發行期間:本債券發行期
間為12個月，惟本債券發行辦法另有約定者依其約定。
8.發行利率:固定年利率13.30%
9.擔保品之種類、名稱、金額及約定事項:無
10.募得價款之用途及運用計畫:支應本行放款及投資業務並充實流
動性
11.承銷方式:無
12.公司債受託人:無
13.承銷或代銷機構:無
14.發行保證人:無
15.代理還本付息機構:由中信銀辦理還本付息事宜
16.簽證機構:無
17.能轉換股份者，其轉換辦法:不適用
18.賣回條件:無
19.買回條件:中信銀有權於特定事件發生時，於中信銀另行公告之贖回付款日
以提前贖回金額全部贖回本債券
20.附有轉換、交換或認股者，其換股基準日:不適用
21.附有轉換、交換或認股者，對股權可能稀釋情形:不適用
22.其他應敘明事項:就提前出場事件、觸及事件及特殊事件及其效果請另參
本債券發行辦法。"
"1120901","1120831","165243","2891","中信金","子公司中信銀公告發行112年度第2期無擔保主順位
7個月期美元計價提前出場一籃子股權連結
固定收益(Fixed Coupon)型不保本金融債券美元20萬元整","第11款","1120831","1.董事會決議日期:NA
2.名稱﹝XX公司第X次（有、無）擔保公司債﹞:中國信託商業銀行　
股份有限公司112年度第2期無擔保主順位7個月期美元計價提前出場
一籃子股權連結固定收益(Fixed Coupon)型不保本金融債券
3.是否採總括申報發行公司債(是/否):否
4.發行總額:美元200,000元整
5.每張面額:美元50,000元
6.發行價格:於發行日按債券面額十足發行
7.發行期間:本債券發行期
間為7個月，惟本債券發行辦法另有約定者依其約定。
8.發行利率:固定年利率14.67%
9.擔保品之種類、名稱、金額及約定事項:無
10.募得價款之用途及運用計畫:支應本行放款及投資業務並充實流
動性
11.承銷方式:無
12.公司債受託人:無
13.承銷或代銷機構:無
14.發行保證人:無
15.代理還本付息機構:由中信銀辦理還本付息事宜
16.簽證機構:無
17.能轉換股份者，其轉換辦法:不適用
18.賣回條件:無
19.買回條件:中信銀有權於特定事件發生時，於中信銀另行公告之贖回付款日
以提前贖回金額全部贖回本債券
20.附有轉換、交換或認股者，其換股基準日:不適用
21.附有轉換、交換或認股者，對股權可能稀釋情形:不適用
22.其他應敘明事項:就提前出場事件、觸及事件及特殊事件及其效果請另參
本債券發行辦法。"
"1120901","1120831","165535","4989","榮科","代母公司李長榮化學工業股份有限公司依公開發行公司資金
貸與及背書保證處理準則第二十二條第一項第三款公告","第23款","1120831","1.事實發生日:112/08/31
2.接受資金貸與之:
(1)公司名稱:LCY BIOTECHNOLOGY HOLDING INC.
(2)與資金貸與他人公司之關係:
為資金貸與他人公司之子公司
(3)資金貸與之限額(仟元):5,580,240
(4)原資金貸與之餘額(仟元):125,680
(5)本次新增資金貸與之金額(仟元):452,412
(6)是否為董事會授權董事長對同一貸與對象分次撥貸或循環動用之資金貸與:是
(7)迄事實發生日止資金貸與餘額(仟元):578,092
(8)本次新增資金貸與之原因:
供其營運周轉所需
3.接受資金貸與公司所提供擔保品之:
(1)內容:
無
(2)價值(仟元):578,092
4.接受資金貸與公司最近期財務報表之:
(1)資本(仟元):252,656
(2)累積盈虧金額(仟元):-811,379
5.計息方式:
貸款利息以年利率計算，以借款日或起息日，按7%計息，
每月償付一次。
6.還款之:
(1)條件:
期限一年，可提前還款。
(2)日期:
自借款日起一年。
7.迄事實發生日為止，資金貸與餘額(仟元):
35,500,966
8.迄事實發生日為止，資金貸與餘額占公開發行公司最近期財務報表淨值之比率:
1,564.28
9.公司貸與他人資金之來源:
其他
10.其他應敘明事項:
貸與他人資金之來源為資金貸與他人公司本身自有資金。
李長榮化學工業股份有限公司已不適用公開發行公司資金貸與處理準則，
資金貸與事項由公司作業程序規定。"
"1120901","1120831","165712","6168","宏齊","係因本公司有價證券於集中交易市場達公布注意交易資訊標準，
故公布相關財務業務等重大訊息，以利投資人區別瞭解
更正最近一月歸屬母公司業主淨利增減百分比","第51款","1120831","1.事實發生日:112/08/31
2.發生緣由:依臺灣證券交易所股份有限公司通知辦理。
3.財務業務資訊:
本公司近期之財務資料列示如下：
期間       最近一月     與去年同   最近一季    與去年同    最近四季累計

科目      (112年07月)   期增減%   (112年第2季)  期增減%    (111年第3季
                                                           至112年第2季)
            (IFRS合併自結數)       (IFRS合併核閱數)     IFRS合併核閱數)
--------- ------------  --------  -----------  --------  ---------------
 營業收入      167        -6%         473         -35%        2,039
(百萬)
稅前淨利        15       -49%          51         -64%          232
(百萬)
歸屬母公司      13       -47%          51         -55%          204
業主淨利(百萬)
每股盈餘      0.06       -42%        0.25         -55%         1.00
(元)

4.有無「臺灣證券交易所股份有限公司對有價證券上市公司重大訊息之查證暨公開處理
  程序」第4條所列重大訊息之情事（如「有」，請說明）: 無
5.有無「臺灣證券交易所股份有限公司對有價證券上市公司重大訊息之查證暨公開處理
  程序」第11條所列重大訊息說明記者會之情事: 無
6.完整財務資訊請至公開資訊觀測站查閱，路徑如下：
(1)近期營業收入及損益資訊：基本資料>精華版
(2)歷史每月營業收入：營運概況>每月營收>採用IFRSs後之月營業收入資訊
(3)歷史損益(會計師查核/核閱數)：財務報表>採IFRSs後>合併/個別報表>綜合損益表
(4)歷史損益(自願性公告自結數)：營運概況>自結損益公告:
7.其他應敘明事項:無"
"1120901","1120831","165728","2457","飛宏","公告本公司獨立董事辭任","第6款","1120831","1.發生變動日期:112/08/31
2.選任或變動人員別（請輸入法人董事、法人監察人、獨立董事、自然人董事
  或自然人監察人）:獨立董事
3.舊任者職稱及姓名:獨立董事，傅祖聲
4.舊任者簡歷:傅祖聲律師事務所主持律師
5.新任者職稱及姓名:不適用
6.新任者簡歷:不適用
7.異動情形（請輸入「辭職」、「解任」、「任期屆滿」、「逝世」或「新任」）:辭職
8.異動原因:本公司獨立董事傅祖聲，為遵循其任職公司新頒佈之董事對外兼職規範，
故辭任本公司獨董職務。
9.新任者選任時持股數:不適用
10.原任期（例xx/xx/xx ~ xx/xx/xx）:112/06/09~115/06/08
11.新任生效日期:不適用
12.同任期董事變動比率:1/9
13.同任期獨立董事變動比率:1/4
14.同任期監察人變動比率:不適用
15.屬三分之一以上董事發生變動（請輸入是或否）:否
16.其他應敘明事項(若事件發生或決議之主體係屬公開發行以上公司，本則重大訊息同時
   符合證券交易法施行細則第7條第6款所定對股東權益或證券價格有重大影響之事項):
本公司於112年8月31日接獲辭任書，辭職生效日為112年9月1日。"
"1120901","1120831","165755","2457","飛宏","公告本公司審計委員、薪酬委員及提名委員辭任","第6款","1120831","1.發生變動日期:112/08/31
2.功能性委員會名稱:審計委員會、薪酬委員會及提名委員會
3.舊任者姓名:傅祖聲
4.舊任者簡歷:傅祖聲律師事務所主持律師
5.新任者姓名:不適用
6.新任者簡歷:不適用
7.異動情形（請輸入「辭職」、「解任」、「任期屆滿」、「逝世」或「新任」）:辭職
8.異動原因:本公司獨立董事傅祖聲為遵循其任職公司新頒佈之董事對外兼職規範，
故辭任本公司獨董職務。
9.原任期（例xx/xx/xx ~ xx/xx/xx）:112/06/09~115/06/08
10.新任生效日期:不適用
11.其他應敘明事項:本公司於112年8月31日接獲辭任書，辭職生效日為112年9月1日。"
"1120901","1120831","165839","3338","泰碩","公告本公司執行長異動","第8款","1120831","1.人員變動別（請輸入發言人、代理發言人、重要營運主管(如:執行長、營運長、
行銷長及策略長等)、財務主管、會計主管、公司治理主管、資訊安全長、研發主管、
內部稽核主管或訴訟及非訟代理人）:執行長
2.發生變動日期:112/08/31
3.舊任者姓名、級職及簡歷:余清松/本公司董事長
4.新任者姓名、級職及簡歷:尚待委任
5.異動情形（請輸入「辭職」、「職務調整」、「資遣」、「退休」、「死亡」、「新
任」或「解任」）:退休
6.異動原因:退休
7.生效日期:112/08/31
8.其他應敘明事項:新任執行長待董事會決議後另行公告"
"1120901","1120831","170154","2888","新光金","本公司代子公司新光銀行公告第十屆董事辭任事宜。","第6款","1120831","1.發生變動日期:112/08/31
2.法人名稱:新光金融控股股份有限公司
3.舊任者姓名:陳允進
4.舊任者簡歷:臺灣新光商業銀行股份有限公司董事
5.新任者姓名:不適用
6.新任者簡歷:不適用
7.異動原因:辭任
8.原任期（例xx/xx/xx至xx/xx/xx）:112/06/29~115/06/28
9.新任生效日期:不適用
10.其他應敘明事項:自112/09/15請辭新光銀行法人董事新光金融控股
股份有限公司代表人。"
"1120901","1120831","170230","2888","新光金","代子公司新光金保險代理人股份有限公司公告取得新光人壽保險
股份有限公司一筆使用權資產。","第20款","1120831","1.標的物之名稱及性質（如坐落台中市北區ＸＸ段ＸＸ小段土地）:
台北市文山區木柵路一段52號6樓部分區域房屋。
2.事實發生日:112/8/31~112/8/31
3.交易單位數量（如ＸＸ平方公尺，折合ＸＸ坪）、每單位價格及交易總金額:
交易單位數量:3坪
每單位價格:第1~3年3,245元/月/坪(含稅)
使用權資產金額: 113,293元
4.交易相對人及其與公司之關係（交易相對人如屬自然人，且非公司之關
係人者，得免揭露其姓名）:
新光人壽保險股份有限公司
關係人
5.交易相對人為關係人者，並應公告選定關係人為交易對象之原因及前次移轉之
所有人、前次移轉之所有人與公司及交易相對人間相互之關係、前次移轉日期
及移轉金額:
選定關係人為交易對象之原因: 考量地點符合本公司整體規劃
前次移轉之所有人:不適用(自地自建)
6.交易標的最近五年內所有權人曾為公司之關係人者，尚應公告關係
人之取得及處分日期、價格及交易當時與公司之關係:
不適用
7.預計處分利益（或損失）（取得資產者不適用）（遞延者應列表說明
認列情形）:
不適用
8.交付或付款條件（含付款期間及金額）、契約限制條款及其他重要約定
事項:
付款條件：月繳，租期三年：112.09.08~115.09.07 
第1~3年3,245元/月(含稅)
契約限制條款：無
其他重要約定事項：無
9.本次交易之決定方式（如招標、比價或議價）、價格決定之參考依據及
決策單位:
董事會授權經理部門依內部管理辦法規定辦理。
10.專業估價者事務所或公司名稱及其估價金額:
不適用。
11.專業估價師姓名:
不適用。
12.專業估價師開業證書字號:
不適用。
13.估價報告是否為限定價格、特定價格或特殊價格:否或不適用
14.是否尚未取得估價報告:否或不適用
15.尚未取得估價報告之原因:
不適用
16.估價結果有重大差異時，其差異原因及會計師意見:
不適用。
17.會計師事務所名稱:
信閎聯合會計師事務所。
18.會計師姓名:
吳宇倫。
19.會計師開業證書字號:
全聯會一字第1000450號。
20.經紀人及經紀費用:
不適用。
21.取得或處分之具體目的或用途:
續租供本公司倉庫使用。
22.本次交易表示異議之董事之意見:
無。
23.本次交易為關係人交易:是
24.董事會通過日期:
民國112年08月31日
25.監察人承認或審計委員會同意日期:
民國112年08月31日
26.本次交易係向關係人取得不動產或其使用權資產:是
27.依「公開發行公司取得或處分資產處理準則」第十六條規定
評估之價格:不適用
28.依前項評估之價格較交易價格為低者，依同準則第十七條規
定評估之價格:不適用
29.其他敘明事項:
無。"
"1120901","1120831","170351","1718","中纖","公告本公司庫藏股註銷辦理資本額變更登記完成","第36款","1120831","1.主管機關核准減資日期:112/08/30
2.辦理資本變更登記完成日期:112/08/30
3.對財務報告之影響（含實收資本額與流通在外股數之差異與對每股淨值之影響）:
(1)減資前實收資本額：新台幣16,862,097,450元；流通在外股數：1,341,984,100股
(2)減資後實收資本額：新台幣16,859,057,450元；流通在外股數：1,341,680,100股
(3)註銷前每股淨值為新台幣16.09元；註銷後每股淨值為新台幣新台幣16.09元
4.預計換股作業計畫:不適用
5.預計減資新股上市後之上市普通股股數:不適用
6.預計減資新股上市後之上市普通股股數占已發行普通股比率
 （減資後上市普通股股數/減資後已發行普通股股數）:不適用
7.前二項預計減資後上巿普通股股數未達6000萬股且未達25%者，請說明股權流通性偏低
  之因應措施:不適用
8.其他應敘明事項:
(1)本公司於112/08/31取得主管機關變更登記核准函
(2)每股淨值係依112Q2合併財務報表歸屬於母公司業主之權益為計算依據"
"1120901","1120831","171013","3605","宏致","代重要子公司MEC INTERNATIONAL COMPANY LTD.公告董事會
決議增資發行新股","第11款","1120831","1.董事會決議日期:112/08/31
2.增資資金來源:現金增資
3.是否採總括申報發行新股(是，請併敘明預定發行期間/否):否
4.全案發行總金額及股數(如屬盈餘或公積轉增資，發行股數則不含配發給員工部分):
 美金8,500,000元/8,500股
5.採總括申報發行新股案件，本次發行金額及股數:不適用
6.採總括申報發行新股案件，本次發行後，剩餘之金額及股數餘額:不適用
7.每股面額:1,000美元
8.發行價格:每股1,000美元
9.員工認購股數或配發金額:不適用
10.公開銷售股數:不適用
11.原股東認購或無償配發比例:由單一股東全數認購
12.畸零股及逾期未認購股份之處理方式:不適用
13.本次發行新股之權利義務:與原發行股份相同
14.本次增資資金用途:配合集團內部組織運作
15.其他應敘明事項:無。"
"1120901","1120831","171530","6409","旭隼","本公司受邀參加由寬量國際主辦之「2023 TaiwanRenewable Energy Day」","第12款","1120901","符合條款第四條第XX款：12
事實發生日：112/09/01
1.召開法人說明會之日期：112/09/01
2.召開法人說明會之時間：15 時 00 分 
3.召開法人說明會之地點：線上法說會
4.法人說明會擇要訊息：本公司受邀參加由寬量國際主辦之「2023 Taiwan Renewable Energy Day」，會中介紹公司之營運與財務狀況。
5.其他應敘明事項：無
完整財務業務資訊請至公開資訊觀測站之法人說明會一覽表或法說會項目下查閱。"
"1120901","1120831","171859","6116","彩晶","公告本公司內部稽核主管異動","第8款","1120831","1.人員變動別（請輸入發言人、代理發言人、重要營運主管(如:執行長、營運長、
行銷長及策略長等)、財務主管、會計主管、公司治理主管、資訊安全長、研發主管、
內部稽核主管或訴訟及非訟代理人）:內部稽核主管
2.發生變動日期:112/08/31
3.舊任者姓名、級職及簡歷:邱惠敏 處長 本公司稽核主管
4.新任者姓名、級職及簡歷:林詩倩 協理 亞東工業氣體(股）公司財務長
5.異動情形（請輸入「辭職」、「職務調整」、「資遣」、「退休」、「死亡」、「新
任」或「解任」）:新任
6.異動原因:新任
7.生效日期:112/09/04
8.其他應敘明事項:新任稽核主管於112/08/31經審計委員會及董事會決議通過"
"1120901","1120831","172719","2547","日勝生","代子公司寶鼎再生水(股)公司公告合意終止合作關係","第51款","1120831","1.事實發生日:112/08/31
2.公司名稱:寶鼎再生水(股)公司
3.與公司關係(請輸入本公司或子公司):子公司
4.相互持股比例:本公司綜合持股70%之子公司
5.發生緣由:
 一、本公司前於112年3月27日代子公司寶鼎再生水(股)公司
     公告擬與中德帕薩旺環境技術(股)公司簽訂「桃園北區
     水資源回收中心再生水BTO計畫」新台幣9.6億元工程契約。
 二、經雙方協議合意終止合作關係。
6.因應措施:無
7.其他應敘明事項(若事件發生或決議之主體係屬公開發行以上公司，本則重大訊息同時
  符合證券交易法施行細則第7條第9款所定對股東權益或證券價格有重大影響之事項):無。"
"1120901","1120831","173129","6641","基士德-KY","本公司受邀參加臺灣證券交易所舉辦之財務業務說明會，說明本公司之營運概況。","第12款","1120906","符合條款第四條第XX款：12
事實發生日：112/09/06
1.召開法人說明會之日期：112/09/06
2.召開法人說明會之時間：15 時 30 分 
3.召開法人說明會之地點：台北市信義區信義路五段7號1樓(證券交易所資訊展示中心)
4.法人說明會擇要訊息：本公司受邀參加臺灣證券交易所舉辦之財務業務說明會，說明本公司之營運概況。
5.其他應敘明事項：無
完整財務業務資訊請至公開資訊觀測站之法人說明會一覽表或法說會項目下查閱。"
"1120901","1120831","174632","1605","華新","(補充112/5/5公告)公告本公司董事會決議透過盧森堡子公司
增資子公司Cogne Acciai Speciali S.p.A.","第20款","1120831","1.標的物之名稱及性質（屬特別股者，並應標明特別股約定發行條件，如股息率等）:
Cogne Acciai Speciali S.p.A.股權
本公司透過Walsin Lihwa Europe SARL及MEG S.A.增資其子公司
Cogne Acciai Speciali S.p.A.
2.事實發生日:112/8/31~112/8/31
3.交易數量、每單位價格及交易總金額:
1.Walsin Lihwa Europe SARL
交易單位數量：不適用
每單位價格：不適用
交易總金額：歐元140,000仟元
2.MEG S.A.
交易單位數量：3,175股
每單位價格：每股約歐元44,094元
交易總金額：歐元140,000仟元
3.Cogne Acciai Speciali S.p.A.
交易單位數量：108,894,217股
每單位價格：每股約歐元1.29元
交易總金額：歐元140,000仟元
4.交易相對人及其與公司之關係（交易相對人如屬自然人，且非公司之
關係人者，得免揭露其姓名）:
增資前持股比例如下：
Walsin Lihwa Europe SARL為本公司全資子公司；
MEG S.A.為Walsin Lihwa Europe SARL持有85.03%之子公司；
Cogne Acciai Speciali S.p.A.為MEG S.A.持有82.32%之子公司
增資後持股比例變動如下：
Walsin Lihwa Europe SARL 為本公司全資子公司；
MEG S.A.為Walsin Lihwa Europe SARL持有90.21%之子公司；
Cogne Acciai Speciali S.p.A.為MEG S.A.持有77.60%之子公司
5.交易相對人為關係人者，並應公告選定關係人為交易對象之原因及前次移
轉之所有人、前次移轉之所有人與公司及交易相對人間相互之關係、前次
移轉日期及移轉金額:
不適用（現金增資）
6.交易標的最近五年內所有權人曾為公司之關係人者，尚應公告關係人之取
得及處分日期、價格及交易當時與公司之關係:
不適用
7.本次係處分債權之相關事項（含處分之債權附隨擔保品種類、處分債權
如有屬對關係人債權者尚需公告關係人名稱及本次處分該關係人之債權
帳面金額:
不適用
8.處分利益（或損失）（取得有價證券者不適用）（原遞延者應列表說明
認列情形）:
不適用
9.交付或付款條件（含付款期間及金額）、契約限制條款及其他重要約定
事項:
1.付款條件：依該公司的增資時程計劃進行投資
2.契約限制條款及其他重要約定事項：無
10.本次交易之決定方式、價格決定之參考依據及決策單位:
本次交易之決定方式：現金增資
價格決定之參考依據：董事會
決策單位：董事會
11.取得或處分有價證券標的公司每股淨值:
不適用
12.迄目前為止，累積持有本交易證券（含本次交易）之數量、金額、持股
比例及權利受限情形（如質押情形）:
1.本公司持有Walsin Lihwa Europe SARL
數量：12,000股
金額：新台幣9,422,952仟元
持股比例：100%
權利受限情形：無
2.Walsin Lihwa Europe SARL持有MEG S.A.
數量：8,277股
金額：歐元324,969仟元
持股比例：90.21%
權利受限情形：無
3.MEG S.A.持有Cogne Acciai Speciali S.p.A.
數量：314,705,934股
金額：歐元402,867仟元
持股比例：77.60%
權利受限情形：無
13.迄目前為止，依「公開發行公司取得或處分資產處理準則」第三條所列
之有價證券投資（含本次交易）占公司最近期財務報表中總資產及歸屬
於母公司業主之權益之比例暨最近期財務報表中營運資金數額（註二）:
占總資產比例：76.84%
占股東權益比例：125.03%
營運資金數額：新台幣13,624,773仟元
14.經紀人及經紀費用:
無
15.取得或處分之具體目的或用途:
拓展不銹鋼及鎳基合金產品、躋身航太等高端產品市場
16.本次交易表示異議董事之意見:
無
17.本次交易為關係人交易:是
18.董事會通過日期:
民國112年5月5日
19.監察人承認或審計委員會同意日期:
民國112年5月5日
20.本次交易會計師出具非合理性意見:否
21.會計師事務所名稱:
國富浩華聯合會計師事務所
22.會計師姓名:
吳孟達
23.會計師開業證書字號:
台財證登（六）第三六二二號
24.是否涉及營運模式變更:否
25.營運模式變更說明:
不適用
26.過去一年及預計未來一年內與交易相對人交易情形:
不適用
27.資金來源:
不適用
28.其他敘明事項:
無"
"1120901","1120831","175536","2438","翔耀","代重要子公司勁耘科技股份有限公司公告董事
及監察人辭任","第6款","1120831","1.發生變動日期:112/08/31
2.選任或變動人員別（請輸入法人董事、法人監察人、獨立董事、自然人董事
  或自然人監察人）:、自然人董事、自然人監察人
3.舊任者職稱及姓名:董事長王智永、副董事長王黃惠錦、董事陳志士、監察人周燕
4.舊任者簡歷:不適用
5.新任者職稱及姓名:不適用
6.新任者簡歷:不適用
7.異動情形（請輸入「辭職」、「解任」、「任期屆滿」、「逝世」或「新任」）:辭職
8.異動原因:個人因素
9.新任者選任時持股數:不適用
10.原任期（例xx/xx/xx ~ xx/xx/xx）:110/04/15~113/04/14
11.新任生效日期:不適用
12.同任期董事變動比率:100%
13.同任期獨立董事變動比率:不適用
14.同任期監察人變動比率:100%
15.屬三分之一以上董事發生變動（請輸入是或否）:是
16.其他應敘明事項(若事件發生或決議之主體係屬公開發行以上公司，本則重大訊息同時
   符合證券交易法施行細則第7條第6款所定對股東權益或證券價格有重大影響之事項):
本公司將依公司法173條之1召集臨時股東會全面改選董事及監察人。"
"1120901","1120831","175744","2438","翔耀","代重要子公司勁耘科技股份有限公司公告接獲召集權人翔耀
實業股份有限公司，依公司法173條之1自行召集勁耘科技股份有
限公司112年第1次股東臨時會為全面改選3董事，1監察人，計4名","第51款","1120831","1.事實發生日:112/08/31
2.公司名稱:勁耘科技股份有限公司
3.與公司關係(請輸入本公司或子公司):子公司
4.相互持股比例:不適用
5.發生緣由:召集權人翔耀實業股份有限公司，依公司法173條之1自行召集勁耘科技112年
第1次股東臨時會，相關事宜如下：
(一)開會日期:112年9月18日(一)上午9時00分
(二)停止股票起迄日期:112年9月4日至9月18日
(三)開會地點:桃園市中壢區青埔路二段111號9樓E室
(四)會議召集事由:
1.選舉事項:全面改選董事及監察人。
2.討論事項:解除新任董事競業禁止之限制案。
6.因應措施:依規定公告
7.其他應敘明事項(若事件發生或決議之主體係屬公開發行以上公司，本則重大訊息同時
  符合證券交易法施行細則第7條第9款所定對股東權益或證券價格有重大影響之事項):無"
"1120901","1120831","175955","4912","聯德控股-KY","公告本公司112年第2季除息基準日及國內第四次無擔保轉換
公司債停止轉換期間","第14款","1120831","1.董事會、股東會決議或公司決定日期:NA
2.除權、息類別（請填入「除權」、「除息」或「除權息」）:除息
3.發放股利種類及金額:
盈餘分配現金股利新台幣3,980,338元，每股配發0.064元。
4.除權（息）交易日:112/09/28
5.最後過戶日:112/10/02
6.停止過戶起始日期:112/10/03
7.停止過戶截止日期:112/10/07
8.除權（息）基準日:112/10/07
9.債券最後申請轉換日期:112/09/07
10.債券停止轉換起始日期:112/09/11
11.債券停止轉換截止日期:112/10/07
12.現金股利發放日期:112/11/03
13.其他應敘明事項:
 (1)依112/08/25董事會決議授權董事長辦理股東配息事宜。
 (2)本次配發之股東股利於除息基準日前，如嗣後因認股權轉換而發行新股、買回
    本公司股份、庫藏股轉讓及註銷或其他因素，致影響流通在外股份數量，股東
    之分配率因此發生變動時，授權董事長調整之。"
"1120901","1120831","180243","4912","聯德控股-KY","公告聯德控股股份有限公司國內第四次無擔保(例：第一次有擔保)轉(交)換公司債(簡稱：聯德控股四KY，代碼：49124)停止受理轉交換等相關事項。","第51款","1120831","內容：依中華民國境內第四次無擔保轉換公司債發行及轉換辦法規定辦理。<br>(一)停止受理轉交換之事由：辦理配股配息作業事宜。<br>(其他事項敘明：)<br>(二)停止受理轉交換登記起訖日期：112年09月11日至112年10月07日止。<br>(三)債券持有人如擬申請轉換，最遲應於停止受理轉換登記之始日（112年09月11日）之前一營業日前（112年09月07日），向往來證券商辦理轉換手續。<br>無"
"1120901","1120831","182132","6414","樺漢","代子公司Kontron AG公告取得
Rugged Computing Group股權","第20款","1120831","1.標的物之名稱及性質（屬特別股者，並應標明特別股約定發行條件，如股息率等）:
Rugged Computing Group股權，Rugged Computing Group包含下列三家公司
1.W-IE-NE-R Power Electronics Corp (美國公司)
2.W-IE-NE-R Power Electronics GmbH (德國公司)
3.Hartmann Electronic GmbH (德國公司)
2.事實發生日:112/8/31~112/8/31
3.交易數量、每單位價格及交易總金額:
取得Rugged Computing Group之100%股權
交易總金額約2210萬歐元
4.交易相對人及其與公司之關係（交易相對人如屬自然人，且非公司之
關係人者，得免揭露其姓名）:
1.Phoneix Mecano AG;無 
2.IFINA Beteiligungsgesellschaft mbH;無
5.交易相對人為關係人者，並應公告選定關係人為交易對象之原因及前次移
轉之所有人、前次移轉之所有人與公司及交易相對人間相互之關係、前次
移轉日期及移轉金額:
不適用
6.交易標的最近五年內所有權人曾為公司之關係人者，尚應公告關係人之取
得及處分日期、價格及交易當時與公司之關係:
不適用
7.本次係處分債權之相關事項（含處分之債權附隨擔保品種類、處分債權
如有屬對關係人債權者尚需公告關係人名稱及本次處分該關係人之債權
帳面金額:
不適用
8.處分利益（或損失）（取得有價證券者不適用）（原遞延者應列表說明
認列情形）:
不適用
9.交付或付款條件（含付款期間及金額）、契約限制條款及其他重要約定
事項:
依據合約付款
10.本次交易之決定方式、價格決定之參考依據及決策單位:
招標;董事會
11.取得或處分有價證券標的公司每股淨值:
不適用
12.迄目前為止，累積持有本交易證券（含本次交易）之數量、金額、持股
比例及權利受限情形（如質押情形）:
Rugged Computing Group之100%股權
總金額約2210萬歐元
13.迄目前為止，依「公開發行公司取得或處分資產處理準則」第三條所列
之有價證券投資（含本次交易）占公司最近期財務報表中總資產及歸屬
於母公司業主之權益之比例暨最近期財務報表中營運資金數額（註二）:
3.66%;22.29%;新台幣22,921,586仟元
14.經紀人及經紀費用:
無
15.取得或處分之具體目的或用途:
取得營運專業技術
16.本次交易表示異議董事之意見:
無
17.本次交易為關係人交易:否
18.董事會通過日期:
不適用
19.監察人承認或審計委員會同意日期:
不適用
20.本次交易會計師出具非合理性意見:否
21.會計師事務所名稱:
Dieter Gauglitz Consulting Auditing
22.會計師姓名:
Dieter Gauglitz
23.會計師開業證書字號:
不適用
24.是否涉及營運模式變更:否
25.營運模式變更說明:
不適用
26.過去一年及預計未來一年內與交易相對人交易情形:
無
27.資金來源:
子公司Kontron AG之營運資金
28.其他敘明事項:
Rugged Computing Group為美國無註冊資本額公司。"
"1120901","1120831","184732","2882","國泰金","國泰金控代子公司國泰綜合證券公告金管會裁罰案之說明","第26款","1120831","1.事實發生日:112/08/31
2.違規情形:子公司國泰綜合證券辦理電子式交易業務，核有違反證券商管理規則第2條
第2項規定。
3.罰鍰金額:新臺幣150萬元
4.該主管機關之處分情形:核處警告處分。
5.預計改善措施:加強系統資源分配監控與管理、系統壓力測試範圍與頻率及營運持續
管理。
6.對公司營運之影響:3個月內不得申請新種業務。
7.其他應敘明事項:無"
"1120901","1120831","185915","2929","淘帝-KY","公告代重要子公司淘帝兒童服飾有限公司董事長異動","第6款","1120831","1.董事會決議日期或發生變動日期:112/08/31
2.人員別（請輸入董事長或總經理）:執行董事(董事長)
3.舊任者姓名:周訓財
4.舊任者簡歷:淘帝兒童服飾有限公司執行董事
5.新任者姓名:周志鴻
6.新任者簡歷:淘帝(中國)服飾有限公司董事總經理
7.異動情形（請輸入「辭職」、「解任」、「任期屆滿」、「職務調整」、「資遣」、
「退休」、「逝世」或「新任」）:職務調整
8.異動原因:集團職務調整
9.新任生效日期:112/08/31
10.其他應敘明事項(若事件發生或決議之主體係屬公開發行以上公司，本則重大訊息同時
   符合證券交易法施行細則第7條第6款所定對股東權益或證券價格有重大影響之事項):無"
"1120901","1120831","190013","2929","淘帝-KY","公告代重要子公司淘帝兒童服飾有限公司法人董事代表人異動","第6款","1120831","1.發生變動日期:112/08/31
2.法人名稱:淘帝兒童服飾有限公司
3.舊任者姓名:周訓財
4.舊任者簡歷:淘帝國際控股有限公司董事長
5.新任者姓名:周志鴻
6.新任者簡歷:淘帝(中國)服飾有限公司董事總經理
7.異動原因:職務調動
8.原任期（例xx/xx/xx至xx/xx/xx）:不適用
9.新任生效日期:112/08/31
10.其他應敘明事項:無"
"1120901","1120831","190128","2929","淘帝-KY","公告代重要子公司淘帝(中國)服飾有限公司董事長異動","第6款","1120831","1.董事會決議日期或發生變動日期:112/08/31
2.人員別（請輸入董事長或總經理）:董事長
3.舊任者姓名:周訓財
4.舊任者簡歷:淘帝(中國)服飾有限公司董事長
5.新任者姓名:周志鴻
6.新任者簡歷:淘帝(中國)服飾有限公司董事總經理
7.異動情形（請輸入「辭職」、「解任」、「任期屆滿」、「職務調整」、「資遣」、
「退休」、「逝世」或「新任」）:職務調整
8.異動原因:集團職務調整
9.新任生效日期:112/08/31
10.其他應敘明事項(若事件發生或決議之主體係屬公開發行以上公司，本則重大訊息同時
   符合證券交易法施行細則第7條第6款所定對股東權益或證券價格有重大影響之事項):無"
"1120901","1120831","190254","2929","淘帝-KY","公告代重要子公司淘帝(中國)服飾有限公司法人董事代表人異動","第6款","1120831","1.發生變動日期:112/08/31
2.法人名稱:淘帝(中國)服飾有限公司
3.舊任者姓名:周訓財
4.舊任者簡歷:淘帝國際控股有限公司董事長
5.新任者姓名:周夏韌
6.新任者簡歷:麗麗高菲特(福州)貿易有限公司總經理
7.異動原因:新任
8.原任期（例xx/xx/xx至xx/xx/xx）:不適用
9.新任生效日期:112/08/31
10.其他應敘明事項:無"
"1120901","1120831","190459","2929","淘帝-KY","公告代重要子公司淘帝(中國)服飾有限公司總經理異動","第6款","1120831","1.董事會決議日期或發生變動日期:112/08/31
2.人員別（請輸入董事長或總經理）:總經理
3.舊任者姓名:周志鴻
4.舊任者簡歷:淘帝(中國)服飾有限公司總經理
5.新任者姓名:莊凌鋒
6.新任者簡歷:淘帝國際控股有限公司董事會聯席秘書
7.異動情形（請輸入「辭職」、「解任」、「任期屆滿」、「職務調整」、「資遣」、
「退休」、「逝世」或「新任」）:職務調整
8.異動原因:集團職務調整
9.新任生效日期:112/08/31
10.其他應敘明事項(若事件發生或決議之主體係屬公開發行以上公司，本則重大訊息同時
   符合證券交易法施行細則第7條第6款所定對股東權益或證券價格有重大影響之事項):無"
"1120901","1120831","190716","2929","淘帝-KY","公告代重要子公司淘帝(中國)服飾有限公司新任副總經理","第8款","1120831","1.人員變動別（請輸入發言人、代理發言人、重要營運主管(如:執行長、營運長、
行銷長及策略長等)、財務主管、會計主管、公司治理主管、資訊安全長、研發主管、
內部稽核主管或訴訟及非訟代理人）:副總經理
2.發生變動日期:112/08/31
3.舊任者姓名、級職及簡歷:無
4.新任者姓名、級職及簡歷:周夏韌 副總經理/麗麗高菲特(福州)貿易有限公司總經理
5.異動情形（請輸入「辭職」、「職務調整」、「資遣」、「退休」、「死亡」、「新
任」或「解任」）:新任
6.異動原因:集團職務調動
7.生效日期:112/08/31
8.其他應敘明事項:無"
"1120901","1120831","190809","4807","日成-KY","代重要子公司Regal Jewelry Manufacture Co.,
Ltd. (RJM)公告董事會決議通過向泰國大華銀行(UOB)申請太陽
能板建置授信額度案。","第51款","1120831","1.事實發生日:112/08/31
2.公司名稱:Regal Jewelry Manufacture Co.,Ltd.(RJM)
3.與公司關係(請輸入本公司或子公司):子公司
4.相互持股比例:99.99%
5.發生緣由:(1)RJM因太陽能板建置專案向泰國UOB申請增貸5年期授信額度，額度計
泰銖23,000仟元整。
(2)RJM將以銀行可接受的形式和內容執行與信貸相關的協議/申請。
6.因應措施:發布重大訊息。
7.其他應敘明事項(若事件發生或決議之主體係屬公開發行以上公司，本則重大訊息同時
  符合證券交易法施行細則第7條第9款所定對股東權益或證券價格有重大影響之事項):無"
"1120901","1120831","190819","2929","淘帝-KY","本公司董事長辭任","第6款","1120831","1.董事會決議日期或發生變動日期:112/08/31
2.人員別（請輸入董事長或總經理）:董事長
3.舊任者姓名:周訓財
4.舊任者簡歷:淘帝國際控股有限公司董事長
5.新任者姓名:無
6.新任者簡歷:無
7.異動情形（請輸入「辭職」、「解任」、「任期屆滿」、「職務調整」、「資遣」、
「退休」、「逝世」或「新任」）:辭職
8.異動原因:積極面對個人訴訟，公司營運免受無辜影響
9.新任生效日期:無
10.其他應敘明事項(若事件發生或決議之主體係屬公開發行以上公司，本則重大訊息同時
   符合證券交易法施行細則第7條第6款所定對股東權益或證券價格有重大影響之事項):無"
"1120901","1120831","190918","2929","淘帝-KY","本公司董事辭任","第6款","1120831","1.發生變動日期:112/08/31
2.選任或變動人員別（請輸入法人董事、法人監察人、獨立董事、自然人董事
  或自然人監察人）:自然人董事
3.舊任者職稱、姓名及國籍:董事 周訓財 香港
4.舊任者簡歷:淘帝國際控股有限公司董事長
5.新任者職稱、姓名及國籍:無
6.新任者簡歷:無
7.異動情形（請輸入「辭職」、「解任」、「任期屆滿」、「逝世」或「新任」）:辭職
8.異動原因:積極面對個人訴訟，公司營運不受無辜影響
9.新任者選任時持股數:不適用
10.原任期（例xx/xx/xx ~ xx/xx/xx）:不適用
11.新任生效日期:不適用
12.同任期董事變動比率:1/5
13.同任期獨立董事變動比率:無
14.同任期監察人變動比率:不適用
15.屬三分之一以上董事發生變動(請輸入是或否):否
16.異動後於中華民國設有戶籍之董事席次未逾現有董事二分之一(請輸入是或否):否
17.異動後獨立董事於中華民國設有戶籍人數少於2人(請輸入是或否):否
18.其他應敘明事項:無"
"1120901","1120831","190922","4807","日成-KY","代重要子公司Regal Jewelry Manufacture Co., Ltd.(RJM)
公告董事會決議通過與母公司REGAL HOLDING CO., LTD.共同向
台新國際商業銀行申請授信額度續約案","第51款","1120831","1.事實發生日:112/08/31
2.公司名稱:Regal Jewelry Manufacture Co.,Ltd.(RJM)
3.與公司關係(請輸入本公司或子公司):子公司
4.相互持股比例:99.99%
5.發生緣由:本公司與母公司REGAL HOLDING CO., LTD. 共同向台新國際商業銀行　
申請短期週轉金授信額度續約，額度計美金1,500 仟元整。
6.因應措施:發布重大訊息。
7.其他應敘明事項(若事件發生或決議之主體係屬公開發行以上公司，本則重大訊息同時
  符合證券交易法施行細則第7條第9款所定對股東權益或證券價格有重大影響之事項):無"
"1120901","1120831","191057","4807","日成-KY","公告本公司財務主管暨會計主管更改英文姓名","第51款","1120831","1.事實發生日:112/08/31
2.公司名稱:日成控股股份有限公司
3.與公司關係(請輸入本公司或子公司):本公司
4.相互持股比例:不適用
5.發生緣由:本公司財務主管暨會計主管為泰國人，更改原本泰文姓名的英文，更改後的
英文名字為NARISSARRANEE KEATBHOONYARRITH (原名NARISSA KIEATBUNYARIT)。
6.因應措施:(1)發布重大訊息(2)相關申報資料一併更新。
7.其他應敘明事項(若事件發生或決議之主體係屬公開發行以上公司，本則重大訊息同時
  符合證券交易法施行細則第7條第9款所定對股東權益或證券價格有重大影響之事項):無"
"1120901","1120831","204717","2614","東森","代本公司之重要子公司東森寵物雲(股)公司公告減資案
辦理資本變更登記完成","第36款","1120831","1.主管機關核准減資日期:112/08/24
2.辦理資本變更登記完成日期:112/08/24
3.對財務報告之影響（含實收資本額與流通在外股數之差異與對每股淨值之影響）:
(1)減資前：本公司實收資本額為新臺幣700,000,000元，
發行股數為70,000,000股，每股淨值為新臺幣-0.8元。
(2)減資後：本公司實收資本額為新臺幣300,000,000元，
發行股數為30,000,000股，每股淨值為新臺幣-1.87元。
4.預計換股作業計畫:不適用
5.預計減資新股上市後之上市普通股股數:不適用
6.預計減資新股上市後之上市普通股股數占已發行普通股比率
 （減資後上市普通股股數/減資後已發行普通股股數）:不適用
7.前二項預計減資後上巿普通股股數未達6000萬股且未達25%者，請說明股權流通性偏低
  之因應措施:不適用
8.其他應敘明事項:
上述每股淨值係以112年第2季財務報表為計算基礎"
