出表日期,公司代號,公司名稱,股東常(臨時)會日期-常或臨時,股東常(臨時)會日期-日期,停止過戶起訖日期-起,停止過戶起訖日期-訖,預擬配發現金(股利)(元/股)-盈餘,預擬配發現金(股利)(元/股)-法定盈餘公積、資本公積,預擬配股(元/股)-盈餘,預擬配股(元/股)-法定盈餘公積、資本公積,擬現金增資金額(元),現金增資認購率(%),員工紅利-現金紅利(元),員工紅利-股票紅利(股),特別股股利(元/股),董監酬勞(元),公告日期,公告時間,種類
"1120831","1240","茂生農經","常會","1120626","1120428","1120626","","","","","","","0","0","","0","1120407","101629",""
"1120831","1259","安心","常會","1120530","1120401","1120530","","","","","","","0","0","","0","1120428","135610",""
"1120831","1264","德麥","常會","1120630","1120502","1120630","","","","","","","0","0","","0","1120329","122909",""
"1120831","1264","德麥","臨時會","1120303","1120202","1120303","","","","","","","0","0","","0","1120103","114439",""
"1120831","1268","漢來美食","常會","1120524","1120326","1120524","","","","","","","0","0","","0","1120414","202233",""
"1120831","1336","台翰","常會","1120613","1120415","1120613","","","","","","","0","0","","0","1120503","175411",""
"1120831","1565","精華","常會","1120613","1120415","1120613","","","","","","","0","0","","0","1120413","180226",""
"1120831","1569","濱川","常會","1120626","1120428","1120626","","","","","","","0","0","","0","1120407","221702",""
"1120831","1570","力肯","常會","1120613","1120415","1120613","","","","","","","0","0","","0","1120418","180955",""
"1120831","1580","新麥","常會","1120619","1120421","1120619","","","","","","","0","0","","0","1120424","165727",""
"1120831","1584","精剛","常會","1120525","1120327","1120525","","","","","","","0","0","","0","1120413","163055",""
"1120831","1586","和勤","常會","1120531","1120402","1120531","","","","","","","0","0","","0","1120329","122226",""
"1120831","1591","駿吉-KY","臨時會","1120918","1120820","1120918","","","","","","","0","0","","0","1120823","151706",""
"1120831","1591","駿吉-KY","常會","1120612","1120414","1120612","","","","","","","0","0","","0","1120324","144631",""
"1120831","1593","祺驊","常會","1120616","1120418","1120616","","","","","","","0","0","","0","1120317","145218",""
"1120831","1595","川寶","常會","1120615","1120417","1120615","","","","","","","0","0","","0","1120324","172756",""
"1120831","1599","宏佳騰","常會","1120628","1120430","1120628","","","","","","","0","0","","0","1120329","141456",""
"1120831","1742","台蠟","常會","1120614","1120416","1120614","","","","","","","0","0","","0","1120321","163902",""
"1120831","1777","生泰","常會","1120620","1120422","1120620","","","","","0","0.00","0","0","","0","1120321","94837",""
"1120831","1781","合世","常會","1120612","1120414","1120612","","","","","","","0","0","","0","1120322","175124",""
"1120831","1784","訊聯","常會","1120615","1120417","1120615","","","","","","","0","0","","0","1120420","135553",""
"1120831","1785","光洋科","常會","1120530","1120401","1120530","","","","","","","0","0","","0","1120414","202418",""
"1120831","1788","杏昌","常會","1120614","1120416","1120614","","","","","","","0","0","","0","1120504","163317",""
"1120831","1796","金穎生技","常會","1120621","1120423","1120621","","","","","","","0","0","","0","1120320","90853",""
"1120831","1799","易威","常會","1120627","1120429","1120627","","","","","0","0.00","0","0","","0","1120512","210856",""
"1120831","1813","寶利徠","常會","1120529","1120331","1120529","","","","","0","0.00","0","0","","0","1120301","195150",""
"1120831","1815","富喬","常會","1120607","1120409","1120607","","","","","","","0","0","","0","1120418","184526",""
"1120831","2035","唐榮公司","常會","1120613","1120415","1120613","","","","","","","0","0","","0","1120503","140209",""
"1120831","2061","風青","常會","1120621","1120423","1120621","","","","","","","0","0","","0","1120329","135817",""
"1120831","2063","世鎧","常會","1120529","1120331","1120529","","","","","","","0","0","","0","1120308","180542",""
"1120831","2064","晉椿","常會","1120614","1120416","1120614","","","","","","","0","0","","0","1120324","172249",""
"1120831","2065","世豐","常會","1120615","1120417","1120615","","","","","","","0","0","","0","1120418","151055",""
"1120831","2066","世德","常會","1120621","1120423","1120621","","","","","","","0","0","","0","1120410","141853",""
"1120831","2067","嘉鋼","常會","1120629","1120501","1120629","","","","","","","0","0","","0","1120511","181016",""
"1120831","2070","精湛","常會","1120612","1120414","1120612","","","","","","","0","0","","0","1120323","211724",""
"1120831","2073","雄順","常會","1120626","1120428","1120626","","","","","","","0","0","","0","1120329","170401",""
"1120831","2221","大甲","常會","1120616","1120418","1120616","","","","","0","0.00","0","0","","0","1120325","174400",""
"1120831","2230","泰茂","常會","1120630","1120502","1120630","","","","","","","0","0","","0","1120413","153914",""
"1120831","2235","謚源","常會","1120620","1120422","1120620","","","","","","","0","0","","0","1120327","174022",""
"1120831","2596","綠意","常會","1120621","1120423","1120621","","","","","","","0","0","","0","1120301","134738",""
"1120831","2640","大車隊","常會","1120609","1120411","1120609","","","","","","","0","0","","0","1120428","165156",""
"1120831","2641","正德","常會","1120601","1120403","1120601","","","","","","","0","0","","0","1120406","184719",""
"1120831","2643","捷迅","常會","1120616","1120418","1120616","","","","","","","0","0","","0","1120505","95043",""
"1120831","2718","晶悅","常會","1120606","1120408","1120606","","","","","","","0","0","","0","1120426","175749",""
"1120831","2719","燦星旅","常會","1120615","1120417","1120615","","","","","","","0","0","","0","1120322","164434",""
"1120831","2724","富驛-KY","常會","1120627","1120429","1120627","","","","","","","0","0","","0","1120413","93620",""
"1120831","2726","雅茗-KY","常會","1120612","1120414","1120612","","","","","","","0","0","","0","1120414","103203",""
"1120831","2729","瓦城","常會","1120619","1120421","1120619","","","","","","","0","0","","0","1120511","194142",""
"1120831","2732","六角","常會","1120531","1120402","1120531","","","","","","","0","0","","0","1120315","173312",""
"1120831","2734","易飛網","常會","1120630","1120502","1120630","","","","","","","0","0","","0","1120511","212327",""
"1120831","2736","富野","常會","1120529","1120331","1120529","","","","","","","0","0","","0","1120324","173353",""
"1120831","2740","天蔥","常會","1120530","1120401","1120530","","","","","","","0","0","","0","1120314","161127",""
"1120831","2743","山富","常會","1120607","1120409","1120607","","","","","","","0","0","","0","1120320","93429",""
"1120831","2745","五福","常會","1120619","1120421","1120619","","","","","","","0","0","","0","1120330","134759",""
"1120831","2752","豆府","常會","1120530","1120401","1120530","","","","","","","0","0","","0","1120315","104907",""
"1120831","2754","亞洲藏壽司","常會","1120627","1120429","1120627","","","","","","","0","0","","0","1120325","134501",""
"1120831","2755","揚秦","常會","1120531","1120402","1120531","","","","","","","0","0","","0","1120303","85722",""
"1120831","2756","聯發國際","常會","1120530","1120401","1120530","","","","","0","0.00","0","0","","0","1120417","83832",""
"1120831","2916","滿心","常會","1120605","1120407","1120605","","","","","","","0","0","","0","1120316","110233",""
"1120831","2924","宏太-KY","常會","1120614","1120416","1120614","","","","","","","0","0","","0","1120324","174819",""
"1120831","2926","誠品生活","常會","1120530","1120401","1120530","","","","","","","0","0","","0","1120406","180706",""
"1120831","2937","集雅社","常會","1120616","1120418","1120616","","","","","","","0","0","","0","1120509","105105",""
"1120831","2947","振宇五金","常會","1120524","1120326","1120524","","","","","","","0","0","","0","1120308","152548",""
"1120831","3064","泰偉","常會","1120616","1120418","1120616","","","","","","","0","0","","0","1120505","90201",""
"1120831","3066","李洲","常會","1120620","1120422","1120620","","","","","","","0","0","","0","1120401","183424",""
"1120831","3067","全域","臨時會","1120831","1120802","1120831","","","","","","","0","0","","0","1120717","91202",""
"1120831","3067","全域","常會","1120627","1120429","1120627","","","","","","","0","0","","0","1120511","162613",""
"1120831","3071","協禧","常會","1120620","1120422","1120620","","","","","","","0","0","","0","1120317","150051",""
"1120831","3073","天方能源","常會","1120612","1120414","1120612","","","","","","","0","0","","0","1120321","110237",""
"1120831","3078","僑威","常會","1120627","1120429","1120627","","","","","","","0","0","","0","1120411","171259",""
"1120831","3081","聯亞","常會","1120531","1120402","1120531","","","","","","","0","0","","0","1120217","122154",""
"1120831","3083","網龍","常會","1120615","1120417","1120615","","","","","","","0","0","","0","1120316","113140",""
"1120831","3085","新零售","臨時會","1121005","1120906","1121005","","","","","","","0","0","","0","1120812","100345",""
"1120831","3085","新零售","常會","1120628","1120430","1120628","","","","","","","0","0","","0","1120330","134045",""
"1120831","3086","華義","常會","1120621","1120423","1120621","","","","","","","0","0","","0","1120330","90841",""
"1120831","3088","艾訊","常會","1120530","1120401","1120530","","","","","0","0.00","0","0","","0","1120314","93718",""
"1120831","3089","億杰","常會","1120609","1120411","1120609","","","","","","","0","0","","0","1120330","181245",""
"1120831","3093","港建*","常會","1120613","1120415","1120613","","","","","","","0","0","","0","1120323","114827",""
"1120831","3095","及成","常會","1120628","1120430","1120628","","","","","","","0","0","","0","1120512","161929",""
"1120831","3105","穩懋","常會","1120526","1120328","1120526","","","","","","","0","0","","0","1120310","135248",""
"1120831","3114","好德","常會","1120619","1120421","1120619","","","","","","","0","0","","0","1120512","214734",""
"1120831","3115","富榮綱","常會","1120615","1120417","1120615","","","","","","","0","0","","0","1120323","195914",""
"1120831","3118","進階","常會","1120529","1120331","1120529","","","","","","","0","0","","0","1120413","202556",""
"1120831","3122","笙泉","常會","1120524","1120326","1120524","","","","","","","0","0","","0","1120330","144034",""
"1120831","3128","昇銳","常會","1120619","1120421","1120619","","","","","","","0","0","","0","1120510","111346",""
"1120831","3131","弘塑","常會","1120621","1120423","1120621","","","","","","","0","0","","0","1120426","174906",""
"1120831","3141","晶宏","常會","1120518","1120320","1120518","","","","","0","0.00","0","0","","0","1120406","110603",""
"1120831","3147","大綜","常會","1120531","1120402","1120531","","","","","","","0","0","","0","1120420","141951",""
"1120831","3152","璟德","常會","1120607","1120409","1120607","","","","","","","0","0","","0","1120222","155517",""
"1120831","3162","精確","常會","1120530","1120401","1120530","","","","","","","0","0","","0","1120317","161046",""
"1120831","3163","波若威","常會","1120619","1120421","1120619","","","","","","","0","0","","0","1120508","90046",""
"1120831","3169","亞信","常會","1120607","1120409","1120607","","","","","","","0","0","","0","1120411","183104",""
"1120831","3171","新洲","常會","1120613","1120415","1120613","","","","","","","0","0","","0","1120314","145938",""
"1120831","3176","基亞","常會","1120626","1120428","1120626","","","","","","","0","0","","0","1120427","180025",""
"1120831","3178","公準","常會","1120627","1120429","1120627","","","","","","","0","0","","0","1120410","101151",""
"1120831","3188","鑫龍騰","常會","1120614","1120416","1120614","","","","","","","0","0","","0","1120323","125317",""
"1120831","3191","雲嘉南科技","常會","1120619","1120421","1120619","","","","","","","0","0","","0","1120511","165308",""
"1120831","3202","樺晟","常會","1120630","1120502","1120630","","","","","","","0","0","","0","1120516","182507",""
"1120831","3205","佰研","常會","1120628","1120430","1120628","","","","","","","0","0","","0","1120515","90212",""
"1120831","3206","志豐","常會","1120606","1120408","1120606","","","","","","","0","0","","0","1120413","115703",""
"1120831","3207","耀勝","常會","1120524","1120326","1120524","","","","","","","0","0","","0","1120330","92734",""
"1120831","3211","順達","常會","1120609","1120411","1120609","","","","","","","0","0","","0","1120320","183517",""
"1120831","3213","茂訊","常會","1120614","1120416","1120614","","","","","0","0.00","0","0","","0","1120324","172105",""
"1120831","3217","優群","常會","1120613","1120415","1120613","","","","","0","0.00","0","0","","0","1120317","94345",""
"1120831","3218","大學光","常會","1120621","1120423","1120621","","","","","","","0","0","","0","1120328","102246",""
"1120831","3219","倚強科","常會","1120531","1120402","1120531","","","","","","","0","0","","0","1120317","93627",""
"1120831","3221","台嘉碩","常會","1120601","1120403","1120601","","","","","","","0","0","","0","1120331","162531",""
"1120831","3224","三顧","常會","1120628","1120430","1120628","","","","","0","0.00","0","0","","0","1120512","95612",""
"1120831","3226","至寶電","常會","1120616","1120418","1120616","","","","","0","0.00","0","0","","0","1120323","183910",""
"1120831","3227","原相","常會","1120526","1120328","1120526","","","","","","","0","0","","0","1120329","221151",""
"1120831","3228","金麗科","常會","1120613","1120415","1120613","","","","","","","0","0","","0","1120427","170155",""
"1120831","3230","錦明","常會","1120612","1120414","1120612","","","","","","","0","0","","0","1120411","185116",""
"1120831","3232","昱捷","常會","1120619","1120421","1120619","","","","","0","0.00","0","0","","0","1120424","142921",""
"1120831","3234","光環","常會","1120524","1120326","1120524","","","","","0","0.00","0","0","","0","1120413","100840",""
"1120831","3236","千如","常會","1120609","1120411","1120609","","","","","0","0.00","0","0","","0","1120316","144912",""
"1120831","3252","海灣","常會","1120621","1120423","1120621","","","","","0","0.00","0","0","","0","1120511","212316",""
"1120831","3259","鑫創","常會","1120516","1120318","1120516","","","","","","","0","0","","0","1120302","190545",""
"1120831","3260","威剛","常會","1120602","1120404","1120602","","","","","0","0.00","0","0","","0","1120410","190013",""
"1120831","3264","欣銓","常會","1120525","1120327","1120525","","","","","","","0","0","","0","1120329","163851",""
"1120831","3265","台星科","常會","1120606","1120408","1120606","","","","","","","0","0","","0","1120427","162153",""
"1120831","3268","海德威","常會","1120621","1120423","1120621","","","","","","","0","0","","0","1120510","183721",""
"1120831","3272","東碩","常會","1120606","1120408","1120606","","","","","","","0","0","","0","1120411","182226",""
"1120831","3276","宇環","常會","1120619","1120421","1120619","","","","","","","0","0","","0","1120428","163148",""
"1120831","3284","太普高","常會","1120613","1120415","1120613","","","","","","","0","0","","0","1120324","111632",""
"1120831","3285","微端","常會","1120614","1120416","1120614","","","","","","","0","0","","0","1120324","111803",""
"1120831","3287","廣寰科","常會","1120627","1120429","1120627","","","","","","","0","0","","0","1120407","172338",""
"1120831","3288","點晶","常會","1120605","1120407","1120605","","","","","","","0","0","","0","1120413","113235",""
"1120831","3289","宜特","常會","1120614","1120416","1120614","","","","","","","0","0","","0","1120315","84845",""
"1120831","3290","東浦","常會","1120512","1120314","1120512","","","","","","","0","0","","0","1120407","142302",""
"1120831","3293","鈊象","常會","1120628","1120430","1120628","","","","","","","0","0","","0","1120324","174735",""
"1120831","3294","英濟","常會","1120607","1120409","1120607","","","","","","","0","0","","0","1120316","175252",""
"1120831","3297","杭特","常會","1120524","1120326","1120524","","","","","","","0","0","","0","1120309","115728",""
"1120831","3303","岱稜","常會","1120524","1120326","1120524","","","","","","","0","0","","0","1120303","162723",""
"1120831","3306","鼎天","常會","1120612","1120414","1120612","","","","","","","0","0","","0","1120503","140116",""
"1120831","3310","佳穎","常會","1120612","1120414","1120612","","","","","","","0","0","","0","1120321","164549",""
"1120831","3313","斐成","常會","1120526","1120328","1120526","","","","","0","0.00","0","0","","0","1120413","94907",""
"1120831","3317","尼克森","常會","1120607","1120409","1120607","","","","","","","0","0","","0","1120321","164538",""
"1120831","3322","建舜電","常會","1120615","1120417","1120615","","","","","","","0","0","","0","1120324","101223",""
"1120831","3323","加百裕","常會","1120615","1120417","1120615","","","","","","","0","0","","0","1120505","181025",""
"1120831","3324","雙鴻","常會","1120602","1120404","1120602","","","","","","","0","0","","0","1120411","85410",""
"1120831","3325","旭品","常會","1120628","1120430","1120628","","","","","","","0","0","","0","1120324","100919",""
"1120831","3332","幸康","常會","1120531","1120402","1120531","","","","","","","0","0","","0","1120314","101134",""
"1120831","3339","泰谷","常會","1120628","1120430","1120628","","","","","","","0","0","","0","1120411","173756",""
"1120831","3349","寶德","常會","1120630","1120502","1120630","","","","","","","0","0","","0","1120515","153705",""
"1120831","3354","律勝","常會","1120621","1120423","1120621","","","","","","","0","0","","0","1120317","150429",""
"1120831","3357","臺慶科","常會","1120531","1120402","1120531","","","","","","","0","0","","0","1120420","113723",""
"1120831","3360","尚立","常會","1120526","1120328","1120526","","","","","","","0","0","","0","1120411","162730",""
"1120831","3362","先進光","常會","1120614","1120416","1120614","","","","","","","0","0","","0","1120504","205148",""
"1120831","3363","上詮","常會","1120530","1120401","1120530","","","","","","","0","0","","0","1120331","164629",""
"1120831","3372","典範","常會","1120614","1120416","1120614","","","","","","","0","0","","0","1120417","182626",""
"1120831","3373","熱映","常會","1120606","1120408","1120606","","","","","","","0","0","","0","1120412","120037",""
"1120831","3374","精材","常會","1120529","1120331","1120529","","","","","0","0.00","0","0","","0","1120420","165307",""
"1120831","3379","彬台","常會","1120630","1120502","1120630","","","","","","","0","0","","0","1120401","183350",""
"1120831","3388","崇越電","常會","1120531","1120402","1120531","","","","","","","0","0","","0","1120306","173403",""
"1120831","3390","旭軟","常會","1120609","1120411","1120609","","","","","","","0","0","","0","1120320","171605",""
"1120831","3402","漢科","常會","1120621","1120423","1120621","","","","","0","0.00","0","0","","0","1120329","113124",""
"1120831","3426","台興","常會","1120531","1120402","1120531","","","","","","","0","0","","0","1120307","163041",""
"1120831","3430","奇鈦科","常會","1120609","1120411","1120609","","","","","","","0","0","","0","1120412","165620",""
"1120831","3434","哲固","常會","1120613","1120415","1120613","","","","","","","0","0","","0","1120323","211734",""
"1120831","3438","類比科","常會","1120608","1120410","1120608","","","","","","","0","0","","0","1120318","220325",""
"1120831","3441","聯一光電","常會","1120524","1120326","1120524","","","","","","","0","0","","0","1120331","84054",""
"1120831","3444","利機","常會","1120615","1120417","1120615","","","","","","","0","0","","0","1120316","175141",""
"1120831","3455","由田","常會","1120616","1120418","1120616","","","","","","","0","0","","0","1120421","105128",""
"1120831","3465","進泰電子","常會","1120616","1120418","1120616","","","","","","","0","0","","0","1120324","173004",""
"1120831","3466","德晉","常會","1120612","1120414","1120612","","","","","","","0","0","","0","1120327","85227",""
"1120831","3479","安勤","常會","1120627","1120429","1120627","","","","","0","0.00","0","0","","0","1120502","171649",""
"1120831","3483","力致","常會","1120531","1120402","1120531","","","","","","","0","0","","0","1120329","164119",""
"1120831","3484","崧騰","常會","1120620","1120422","1120620","","","","","0","0.00","0","0","","0","1120327","175746",""
"1120831","3489","森寶","常會","1120531","1120402","1120531","","","","","","","0","0","","0","1120313","102521",""
"1120831","3490","單井","常會","1120529","1120331","1120529","","","","","","","0","0","","0","1120328","181339",""
"1120831","3491","昇達科","常會","1120621","1120423","1120621","","","","","","","0","0","","0","1120426","175421",""
"1120831","3492","長盛","常會","1120620","1120422","1120620","","","","","","","0","0","","0","1120519","170008",""
"1120831","3498","陽程","常會","1120620","1120422","1120620","","","","","","","0","0","","0","1120419","125023",""
"1120831","3499","環天科","常會","1120614","1120416","1120614","","","","","","","0","0","","0","1120419","173923",""
"1120831","3508","位速","常會","1120619","1120421","1120619","","","","","0","0.00","0","0","","0","1120508","111012",""
"1120831","3511","矽瑪","常會","1120609","1120411","1120609","","","","","","","0","0","","0","1120315","110237",""
"1120831","3512","皇龍","常會","1120616","1120418","1120616","","","","","","","0","0","","0","1120324","111509",""
"1120831","3516","亞帝歐","常會","1120612","1120414","1120612","","","","","","","0","0","","0","1120322","175407",""
"1120831","3520","華盈","常會","1120629","1120501","1120629","","","","","","","0","0","","0","1120515","95340",""
"1120831","3521","鴻翊","臨時會","1120906","1120808","1120906","","","","","","","0","0","","0","1120804","114547",""
"1120831","3521","鴻翊","常會","1120529","1120331","1120529","","","","","","","0","0","","0","1120519","95753",""
"1120831","3522","御頂","臨時會","1120802","1120704","1120802","","","","","","","0","0","","0","1120705","111320",""
"1120831","3522","御頂","常會","1120613","1120415","1120613","","","","","","","0","0","","0","1120505","150713",""
"1120831","3523","迎輝","常會","1120628","1120430","1120628","","","","","","","0","0","","0","1120511","174635",""
"1120831","3526","凡甲","常會","1120621","1120423","1120621","","","","","","","0","0","","0","1120329","221432",""
"1120831","3527","聚積","常會","1120613","1120415","1120613","","","","","","","0","0","","0","1120418","151556",""
"1120831","3529","力旺","常會","1120609","1120411","1120609","","","","","","","0","0","","0","1120427","161930",""
"1120831","3531","先益","常會","1120612","1120414","1120612","","","","","","","0","0","","0","1120321","102446",""
"1120831","3537","堡達","常會","1120627","1120429","1120627","","","","","","","0","0","","0","1120503","91208",""
"1120831","3540","曜越","常會","1120612","1120414","1120612","","","","","","","0","0","","0","1120321","104948",""
"1120831","3541","西柏","常會","1120606","1120408","1120606","","","","","","","0","0","","0","1120411","174100",""
"1120831","3546","宇峻","常會","1120628","1120430","1120628","","","","","","","0","0","","0","1120330","103125",""
"1120831","3548","兆利","常會","1120613","1120415","1120613","","","","","","","0","0","","0","1120418","184704",""
"1120831","3551","世禾","常會","1120607","1120409","1120607","","","","","","","0","0","","0","1120315","110637",""
"1120831","3552","同致","常會","1120630","1120502","1120630","","","","","","","0","0","","0","1120508","111035",""
"1120831","3555","博士旺","常會","1120531","1120402","1120531","","","","","0","0.00","0","0","","0","1120328","160134",""
"1120831","3556","禾瑞亞","常會","1120607","1120409","1120607","","","","","","","0","0","","0","1120223","153119",""
"1120831","3558","神準","常會","1120531","1120402","1120531","","","","","","","0","0","","0","1120417","180009",""
"1120831","3564","其陽","常會","1120615","1120417","1120615","","","","","","","0","0","","0","1120324","101014",""
"1120831","3567","逸昌","常會","1120613","1120415","1120613","","","","","","","0","0","","0","1120321","222130",""
"1120831","3570","大塚","常會","1120619","1120421","1120619","","","","","","","0","0","","0","1120509","111726",""
"1120831","3577","泓格","常會","1120609","1120411","1120609","","","","","","","0","0","","0","1120318","220159",""
"1120831","3580","友威科","常會","1120530","1120401","1120530","","","","","","","0","0","","0","1120330","172934",""
"1120831","3581","博磊","常會","1120612","1120414","1120612","","","","","","","0","0","","0","1120320","183627",""
"1120831","3587","閎康","常會","1120630","1120502","1120630","","","","","","","0","0","","0","1120410","210409",""
"1120831","3594","磐儀","常會","1120627","1120429","1120627","","","","","","","0","0","","0","1120330","90702",""
"1120831","3597","映興","常會","1120524","1120326","1120524","","","","","0","0.00","0","0","","0","1120308","102104",""
"1120831","3609","三一東林","常會","1120612","1120414","1120612","","","","","","","0","0","","0","1120502","114222",""
"1120831","3611","鼎翰","常會","1120616","1120418","1120616","","","","","","","0","0","","0","1120325","101506",""
"1120831","3615","安可","常會","1120621","1120423","1120621","","","","","","","0","0","","0","1120317","145103",""
"1120831","3623","富晶通","常會","1120619","1120421","1120619","","","","","","","0","0","","0","1120324","100312",""
"1120831","3624","光頡","常會","1120627","1120429","1120627","","","","","","","0","0","","0","1120221","150433",""
"1120831","3625","西勝","常會","1120630","1120502","1120630","","","","","0","0.00","0","0","","0","1120512","142652",""
"1120831","3628","盈正","常會","1120627","1120429","1120627","","","","","","","0","0","","0","1120330","165947",""
"1120831","3629","地心引力","常會","1120612","1120414","1120612","","","","","","","0","0","","0","1120324","100826",""
"1120831","3630","新鉅科","常會","1120621","1120423","1120621","","","","","0","0.00","0","0","","0","1120512","95839",""
"1120831","3631","晟楠","常會","1120630","1120502","1120630","","","","","","","0","0","","0","1120410","173938",""
"1120831","3632","研勤","常會","1120612","1120414","1120612","","","","","","","0","0","","0","1120321","174631",""
"1120831","3646","艾恩特","常會","1120609","1120411","1120609","","","","","0","0.00","0","0","","0","1120412","173728",""
"1120831","3663","鑫科","常會","1120616","1120418","1120616","","","","","","","0","0","","0","1120505","212844",""
"1120831","3664","安瑞-KY","常會","1120628","1120430","1120628","","","","","","","0","0","","0","1120503","171922",""
"1120831","3664","安瑞-KY","臨時會","1120316","1120215","1120316","","","","","","","0","0","","0","1120215","172456",""
"1120831","3666","光耀","常會","1120526","1120328","1120526","","","","","","","0","0","","0","1120309","173605",""
"1120831","3672","康聯訊","常會","1120620","1120422","1120620","","","","","","","0","0","","0","1120330","115339",""
"1120831","3675","德微","臨時會","1120821","1120723","1120821","","","","","","","0","0","","0","1120721","185159",""
"1120831","3675","德微","常會","1120516","1120318","1120516","","","","","","","0","0","","0","1120301","144550",""
"1120831","3680","家登","常會","1120524","1120326","1120524","","","","","","","0","0","","0","1120411","183435",""
"1120831","3684","榮昌","常會","1120524","1120326","1120524","","","","","","","0","0","","0","1120301","164120",""
"1120831","3685","元創精密","常會","1120531","1120402","1120531","","","","","","","0","0","","0","1120313","151948",""
"1120831","3687","歐買尬","常會","1120616","1120418","1120616","","","","","","","0","0","","0","1120419","173957",""
"1120831","3689","湧德","常會","1120626","1120428","1120626","","","","","","","0","0","","0","1120505","85855",""
"1120831","3691","碩禾","常會","1120609","1120411","1120609","","","","","","","0","0","","0","1120329","213616",""
"1120831","3693","營邦","常會","1120628","1120430","1120628","","","","","","","0","0","","0","1120412","102000",""
"1120831","3707","漢磊","常會","1120614","1120416","1120614","","","","","","","0","0","","0","1120419","170012",""
"1120831","3709","鑫聯大投控","常會","1120615","1120417","1120615","","","","","","","0","0","","0","1120425","151824",""
"1120831","3710","連展投控","常會","1120628","1120430","1120628","","","","","","","0","0","","0","1120515","155815",""
"1120831","3713","新晶投控","常會","1120627","1120429","1120627","","","","","","","0","0","","0","1120401","183717",""
"1120831","4102","永日","常會","1120531","1120402","1120531","","","","","","","0","0","","0","1120313","171052",""
"1120831","4105","東洋","常會","1120531","1120402","1120531","","","","","","","0","0","","0","1120316","100846",""
"1120831","4107","邦特","常會","1120627","1120429","1120627","","","","","","","0","0","","0","1120411","194007",""
"1120831","4109","加捷生醫","常會","1120613","1120415","1120613","","","","","","","0","0","","0","1120418","174847",""
"1120831","4111","濟生","常會","1120615","1120417","1120615","","","","","","","0","0","","0","1120318","220642",""
"1120831","4113","聯上","常會","1120629","1120501","1120629","","","","","","","0","0","","0","1120504","104846",""
"1120831","4114","健喬","臨時會","1120713","1120614","1120713","","","","","","","0","0","","0","1120606","175637",""
"1120831","4114","健喬","常會","1120525","1120327","1120525","","","","","","","0","0","","0","1120328","83221",""
"1120831","4116","明基醫","常會","1120609","1120411","1120609","","","","","0","0.00","0","0","","0","1120303","94057",""
"1120831","4120","友華","常會","1120626","1120428","1120626","","","","","","","0","0","","0","1120515","161533",""
"1120831","4121","優盛","常會","1120531","1120402","1120531","","","","","","","0","0","","0","1120406","205644",""
"1120831","4123","晟德","常會","1120620","1120422","1120620","","","","","","","0","0","","0","1120420","185214",""
"1120831","4126","太醫","常會","1120614","1120416","1120614","","","","","","","0","0","","0","1120419","153437",""
"1120831","4127","天良","常會","1120619","1120421","1120619","","","","","","","0","0","","0","1120331","144615",""
"1120831","4128","中天","常會","1120418","1120218","1120418","","","","","","","0","0","","0","1120301","180739",""
"1120831","4129","聯合","常會","1120615","1120417","1120615","","","","","","","0","0","","0","1120322","164814",""
"1120831","4130","健亞","常會","1120529","1120331","1120529","","","","","0","0.00","0","0","","0","1120314","113656",""
"1120831","4131","浩泰","常會","1120628","1120430","1120628","","","","","","","0","0","","0","1120504","174518",""
"1120831","4138","曜亞","常會","1120615","1120417","1120615","","","","","","","0","0","","0","1120420","142422",""
"1120831","4139","馬光-KY","常會","1120626","1120428","1120626","","","","","","","0","0","","0","1120321","173645",""
"1120831","4147","中裕","常會","1120511","1120313","1120511","","","","","","","0","0","","0","1120220","110501",""
"1120831","4153","鈺緯","常會","1120614","1120416","1120614","","","","","","","0","0","","0","1120321","173828",""
"1120831","4154","樂威科-KY","常會","1120621","1120423","1120621","","","","","","","0","0","","0","1120510","90709",""
"1120831","4157","太景*-KY","常會","1120526","1120328","1120526","","","","","","","0","0","","0","1120309","181619",""
"1120831","4160","訊聯基因","常會","1120616","1120418","1120616","","","","","0","0.00","0","0","","0","1120421","173603",""
"1120831","4161","聿新科","常會","1120627","1120429","1120627","","","","","","","0","0","","0","1120313","173825",""
"1120831","4162","智擎","常會","1120524","1120326","1120524","","","","","0","0.00","0","0","","0","1120329","221522",""
"1120831","4163","鐿鈦","常會","1120621","1120423","1120621","","","","","","","0","0","","0","1120511","100127",""
"1120831","4167","松瑞藥","常會","1120615","1120417","1120615","","","","","","","0","0","","0","1120508","90225",""
"1120831","4168","醣聯","常會","1120620","1120422","1120620","","","","","","","0","0","","0","1120425","165852",""
"1120831","4171","瑞基","常會","1120614","1120416","1120614","","","","","","","0","0","","0","1120419","125745",""
"1120831","4173","久裕","常會","1120614","1120416","1120614","","","","","","","0","0","","0","1120324","175202",""
"1120831","4174","浩鼎","常會","1120627","1120429","1120627","","","","","","","0","0","","0","1120509","160509",""
"1120831","4175","杏一","常會","1120531","1120402","1120531","","","","","","","0","0","","0","1120310","132953",""
"1120831","4183","福永生技","常會","1120616","1120418","1120616","","","","","","","0","0","","0","1120323","115017",""
"1120831","4188","安克","常會","1120518","1120320","1120518","","","","","","","0","0","","0","1120301","210729",""
"1120831","4192","杏國","常會","1120505","1120307","1120505","","","","","","","0","0","","0","1120320","181715",""
"1120831","4198","欣大健康","常會","1120627","1120429","1120627","","","","","","","0","0","","0","1120420","161621",""
"1120831","4205","中華食","常會","1120620","1120422","1120620","","","","","","","0","0","","0","1120329","103233",""
"1120831","4207","環泰","常會","1120621","1120423","1120621","","","","","","","0","0","","0","1120330","173559",""
"1120831","4303","信立","常會","1120526","1120328","1120526","","","","","0","0.00","0","0","","0","1120407","221602",""
"1120831","4304","勝昱","常會","1120628","1120430","1120628","","","","","","","0","0","","0","1120413","203341",""
"1120831","4305","世坤","常會","1120617","1120419","1120617","","","","","0","0.00","0","0","","0","1120318","220008",""
"1120831","4401","東隆興","常會","1120602","1120404","1120602","","","","","","","0","0","","0","1120315","173706",""
"1120831","4402","福大","常會","1120621","1120423","1120621","","","","","0","0.00","0","0","","0","1120512","142423",""
"1120831","4406","新昕纖","常會","1120629","1120501","1120629","","","","","","","0","0","","0","1120510","183939",""
"1120831","4413","飛寶企業","常會","1120524","1120326","1120524","","","","","0","0.00","0","0","","0","1120307","140603",""
"1120831","4416","三圓","常會","1120627","1120429","1120627","","","","","","","0","0","","0","1120317","174336",""
"1120831","4417","金洲","常會","1120612","1120414","1120612","","","","","","","0","0","","0","1120315","114452",""
"1120831","4419","元勝","臨時會","1120830","1120801","1120830","","","","","","","0","0","","0","1120728","175358",""
"1120831","4419","元勝","常會","1120629","1120501","1120629","","","","","","","0","0","","0","1120406","112919",""
"1120831","4420","光明","常會","1120529","1120331","1120529","","","","","","","0","0","","0","1120309","180339",""
"1120831","4430","耀億","常會","1120621","1120423","1120621","","","","","0","0.00","0","0","","0","1120411","170843",""
"1120831","4432","銘旺實","常會","1120609","1120411","1120609","","","","","","","0","0","","0","1120413","182656",""
"1120831","4433","興采","常會","1120526","1120328","1120526","","","","","","","0","0","","0","1120309","155544",""
"1120831","4502","健信","常會","1120626","1120428","1120626","","","","","","","0","0","","0","1120412","115159",""
"1120831","4503","金雨","常會","1120630","1120502","1120630","","","","","","","0","0","","0","1120519","174727",""
"1120831","4506","崇友","常會","1120619","1120421","1120619","","","","","0","0.00","0","0","","0","1120331","140928",""
"1120831","4510","高鋒","常會","1120614","1120416","1120614","","","","","0","0.00","0","0","","0","1120418","174744",""
"1120831","4513","福裕","常會","1120621","1120423","1120621","","","","","0","0.00","0","0","","0","1120503","112941",""
"1120831","4523","永彰","常會","1120609","1120411","1120609","","","","","","","0","0","","0","1120428","115827",""
"1120831","4527","方方土霖","常會","1120614","1120416","1120614","","","","","0","0.00","0","0","","0","1120323","112506",""
"1120831","4528","江興鍛","常會","1120616","1120418","1120616","","","","","","","0","0","","0","1120324","143739",""
"1120831","4529","淳紳","臨時會","1120818","1120720","1120818","","","","","","","0","0","","0","1120629","163552",""
"1120831","4529","淳紳","常會","1120512","1120314","1120512","","","","","0","0.00","0","0","","0","1120302","141120",""
"1120831","4530","宏易","常會","1120605","1120407","1120605","","","","","0","0.00","0","0","","0","1120418","174620",""
"1120831","4533","協易機","常會","1120621","1120423","1120621","","","","","","","0","0","","0","1120426","162043",""
"1120831","4534","慶騰","常會","1120615","1120417","1120615","","","","","","","0","0","","0","1120223","163656",""
"1120831","4535","至興","常會","1120530","1120401","1120530","","","","","","","0","0","","0","1120314","153744",""
"1120831","4538","大詠城","常會","1120511","1120313","1120511","","","","","0","0.00","0","0","","0","1120315","164446",""
"1120831","4541","晟田","常會","1120613","1120415","1120613","","","","","","","0","0","","0","1120322","165339",""
"1120831","4542","科嶠","常會","1120605","1120407","1120605","","","","","","","0","0","","0","1120314","182046",""
"1120831","4543","萬在","常會","1120529","1120331","1120529","","","","","","","0","0","","0","1120313","145233",""
"1120831","4549","桓達","常會","1120609","1120411","1120609","","","","","","","0","0","","0","1120317","175306",""
"1120831","4550","長佳","常會","1120613","1120415","1120613","","","","","","","0","0","","0","1120324","84913",""
"1120831","4554","橙的","常會","1120616","1120418","1120616","","","","","","","0","0","","0","1120327","181334",""
"1120831","4556","旭然","常會","1120630","1120502","1120630","","","","","","","0","0","","0","1120410","113436",""
"1120831","4558","寶緯","常會","1120526","1120328","1120526","","","","","","","0","0","","0","1120407","230545",""
"1120831","4561","健椿","常會","1120627","1120429","1120627","","","","","","","0","0","","0","1120317","160939",""
"1120831","4563","百德","常會","1120615","1120417","1120615","","","","","","","0","0","","0","1120325","110742",""
"1120831","4568","科際精密","常會","1120620","1120422","1120620","","","","","","","0","0","","0","1120510","185511",""
"1120831","4577","達航科技","常會","1120529","1120331","1120529","","","","","","","0","0","","0","1120315","105109",""
"1120831","4580","捷流閥業","常會","1120630","1120502","1120630","","","","","","","0","0","","0","1120412","160330",""
"1120831","4584","君帆","常會","1120529","1120331","1120529","","","","","","","0","0","","0","1120314","184445",""
"1120831","4609","唐鋒","常會","1120630","1120502","1120630","","","","","","","0","0","","0","1120412","173020",""
"1120831","4702","中美實","常會","1120629","1120501","1120629","","","","","","","0","0","","0","1120330","160223",""
"1120831","4706","大恭","常會","1120614","1120416","1120614","","","","","0","0.00","0","0","","0","1120325","135638",""
"1120831","4707","磐亞","常會","1120609","1120411","1120609","","","","","","","0","0","","0","1120313","174914",""
"1120831","4711","永純","常會","1120619","1120421","1120619","","","","","","","0","0","","0","1120314","173426",""
"1120831","4712","福格創新","常會","1120630","1120502","1120630","","","","","","","0","0","","0","1120517","162040",""
"1120831","4714","永捷","常會","1120529","1120331","1120529","","","","","","","0","0","","0","1120322","134818",""
"1120831","4716","大立","常會","1120619","1120421","1120619","","","","","","","0","0","","0","1120331","141527",""
"1120831","4721","美琪瑪","常會","1120627","1120429","1120627","","","","","","","0","0","","0","1120410","190907",""
"1120831","4726","永昕","常會","1120620","1120422","1120620","","","","","","","0","0","","0","1120316","113405",""
"1120831","4728","雙美","常會","1120629","1120501","1120629","","","","","","","0","0","","0","1120504","205139",""
"1120831","4729","熒茂","常會","1120614","1120416","1120614","","","","","","","0","0","","0","1120313","153836",""
"1120831","4735","豪展","常會","1120607","1120409","1120607","","","","","","","0","0","","0","1120412","143727",""
"1120831","4736","泰博","常會","1120524","1120326","1120524","","","","","","","0","0","","0","1120308","145033",""
"1120831","4741","泓瀚","常會","1120612","1120414","1120612","","","","","","","0","0","","0","1120323","115207",""
"1120831","4743","合一","常會","1120418","1120218","1120418","","","","","","","0","0","","0","1120301","180623",""
"1120831","4744","皇將","常會","1120615","1120417","1120615","","","","","","","0","0","","0","1120420","172838",""
"1120831","4745","合富-KY","常會","1120524","1120326","1120524","","","","","","","0","0","","0","1120323","85100",""
"1120831","4747","強生製藥","常會","1120524","1120326","1120524","","","","","","","0","0","","0","1120302","212106",""
"1120831","4754","國碳科","常會","1120627","1120429","1120627","","","","","","","0","0","","0","1120517","105654",""
"1120831","4760","勤凱科技","常會","1120614","1120416","1120614","","","","","","","0","0","","0","1120308","152737",""
"1120831","4767","誠泰科技","常會","1120619","1120421","1120619","","","","","","","0","0","","0","1120315","162543",""
"1120831","4768","晶呈科技","常會","1120616","1120418","1120616","","","","","","","0","0","","0","1120313","161608",""
"1120831","4804","大略-KY","常會","1120629","1120501","1120629","","","","","","","0","0","","0","1120331","202727",""
"1120831","4806","昇華","常會","1120918","1120721","1120918","","","","","","","0","0","","0","1120706","172741",""
"1120831","4806","昇華","臨時會","1120807","1120709","1120807","","","","","","","0","0","","0","1120705","163326",""
"1120831","4903","聯光通","常會","1120619","1120421","1120619","","","","","","","0","0","","0","1120504","174627",""
"1120831","4905","台聯電","常會","1120616","1120418","1120616","","","","","","","0","0","","0","1120325","110627",""
"1120831","4907","富宇","常會","1120616","1120418","1120616","","","","","","","0","0","","0","1120313","122948",""
"1120831","4908","前鼎","常會","1120628","1120430","1120628","","","","","","","0","0","","0","1120502","190506",""
"1120831","4909","新復興","常會","1120626","1120428","1120626","","","","","","","0","0","","0","1120328","165504",""
"1120831","4911","德英","常會","1120609","1120411","1120609","","","","","","","0","0","","0","1120317","94002",""
"1120831","4923","力士","常會","1120411","1120211","1120411","","","","","","","0","0","","0","1120217","122206",""
"1120831","4924","欣厚-KY","常會","1120630","1120502","1120630","","","","","","","0","0","","0","1120411","170002",""
"1120831","4931","新盛力","常會","1120612","1120414","1120612","","","","","","","0","0","","0","1120417","182659",""
"1120831","4933","友輝","常會","1120607","1120409","1120607","","","","","","","0","0","","0","1120318","220244",""
"1120831","4939","亞電","常會","1120524","1120326","1120524","","","","","","","0","0","","0","1120303","140241",""
"1120831","4944","兆遠","常會","1120613","1120415","1120613","","","","","","","0","0","","0","1120504","170521",""
"1120831","4944","兆遠","臨時會","1120324","1120223","1120324","","","","","","","0","0","","0","1120206","165031",""
"1120831","4945","陞達科技","常會","1120524","1120326","1120524","","","","","","","0","0","","0","1120222","181928",""
"1120831","4946","辣椒","臨時會","1120825","1120727","1120825","","","","","","","0","0","","0","1120711","184238",""
"1120831","4946","辣椒","常會","1120613","1120415","1120613","","","","","","","0","0","","0","1120426","175939",""
"1120831","4950","牧東","常會","1120524","1120326","1120524","","","","","","","0","0","","0","1120329","163932",""
"1120831","4950","牧東","臨時會","1120302","1120201","1120302","","","","","","","0","0","","0","1120130","181117",""
"1120831","4951","精拓科","常會","1120518","1120320","1120518","","","","","","","0","0","","0","1120323","170816",""
"1120831","4953","緯軟","常會","1120530","1120401","1120530","","","","","","","0","0","","0","1120330","172902",""
"1120831","4966","譜瑞-KY","常會","1120615","1120417","1120615","","","","","","","0","0","","0","1120322","113516",""
"1120831","4971","IET-KY","常會","1120628","1120430","1120628","","","","","","","0","0","","0","1120502","190529",""
"1120831","4972","湯石照明","常會","1120525","1120327","1120525","","","","","","","0","0","","0","1120419","175812",""
"1120831","4973","廣穎電通","常會","1120616","1120418","1120616","","","","","","","0","0","","0","1120321","100741",""
"1120831","4974","亞泰","常會","1120531","1120402","1120531","","","","","","","0","0","","0","1120327","152128",""
"1120831","4979","華星光","常會","1120620","1120422","1120620","","","","","","","0","0","","0","1120509","105256",""
"1120831","4987","科誠","常會","1120626","1120428","1120626","","","","","","","0","0","","0","1120511","173453",""
"1120831","4991","環宇-KY","常會","1120606","1120408","1120606","","","","","","","0","0","","0","1120413","202006",""
"1120831","4995","晶達","常會","1120524","1120326","1120524","","","","","","","0","0","","0","1120306","175336",""
"1120831","5009","榮剛","常會","1120525","1120327","1120525","","","","","","","0","0","","0","1120406","102237",""
"1120831","5011","久陽","常會","1120614","1120416","1120614","","","","","","","0","0","","0","1120504","105036",""
"1120831","5013","強新","常會","1120612","1120414","1120612","","","","","","","0","0","","0","1120314","154121",""
"1120831","5014","建錩","常會","1120628","1120430","1120628","","","","","","","0","0","","0","1120510","111247",""
"1120831","5015","華祺","常會","1120612","1120414","1120612","","","","","","","0","0","","0","1120320","180347",""
"1120831","5016","松和","常會","1120608","1120410","1120608","","","","","","","0","0","","0","1120320","180459",""
"1120831","5201","凱衛","常會","1120615","1120417","1120615","","","","","","","0","0","","0","1120420","142329",""
"1120831","5202","力新","常會","1120621","1120423","1120621","","","","","","","0","0","","0","1120329","135641",""
"1120831","5205","中茂","常會","1120621","1120423","1120621","","","","","","","0","0","","0","1120330","174654",""
"1120831","5206","坤悅","常會","1120609","1120411","1120609","","","","","","","0","0","","0","1120419","193343",""
"1120831","5209","新鼎","常會","1120530","1120401","1120530","","","","","","","0","0","","0","1120413","200946",""
"1120831","5210","寶碩","常會","1120619","1120421","1120619","","","","","","","0","0","","0","1120425","154941",""
"1120831","5211","蒙恬","常會","1120529","1120331","1120529","","","","","","","0","0","","0","1120313","123351",""
"1120831","5212","凌網","常會","1120628","1120430","1120628","","","","","0","0.00","0","0","","0","1120406","161159",""
"1120831","5213","亞昕","常會","1120606","1120408","1120606","","","","","","","0","0","","0","1120401","184443",""
"1120831","5220","萬達光電","常會","1120616","1120418","1120616","","","","","","","0","0","","0","1120420","142232",""
"1120831","5223","安力-KY","常會","1120615","1120417","1120615","","","","","0","0.00","0","0","","0","1120322","175011",""
"1120831","5227","立凱-KY","常會","1120615","1120417","1120615","","","","","0","0.00","0","0","","0","1120505","85807",""
"1120831","5228","鈺鎧","常會","1120620","1120422","1120620","","","","","","","0","0","","0","1120505","174225",""
"1120831","5230","雷笛克光學","常會","1120530","1120401","1120530","","","","","","","0","0","","0","1120331","83509",""
"1120831","5236","凌陽創新","常會","1120615","1120417","1120615","","","","","","","0","0","","0","1120223","164246",""
"1120831","5245","智晶","常會","1120626","1120428","1120626","","","","","","","0","0","","0","1120511","193519",""
"1120831","5251","天鉞電","常會","1120619","1120421","1120619","","","","","","","0","0","","0","1120424","165716",""
"1120831","5263","智崴","常會","1120531","1120402","1120531","","","","","","","0","0","","0","1120316","100943",""
"1120831","5272","笙科","常會","1120607","1120409","1120607","","","","","0","0.00","0","0","","0","1120418","184637",""
"1120831","5274","信驊","常會","1120530","1120401","1120530","","","","","","","0","0","","0","1120307","180412",""
"1120831","5276","達輝-KY","常會","1120620","1120422","1120620","","","","","","","0","0","","0","1120328","180752",""
"1120831","5278","尚凡","常會","1120621","1120423","1120621","","","","","","","0","0","","0","1120320","162012",""
"1120831","5281","大峽谷-KY","常會","1120525","1120327","1120525","","","","","","","0","0","","0","1120410","134056",""
"1120831","5287","數字","常會","1120614","1120416","1120614","","","","","","","0","0","","0","1120327","110718",""
"1120831","5289","宜鼎","常會","1120531","1120402","1120531","","","","","","","0","0","","0","1120302","102702",""
"1120831","5291","邑昇","常會","1120619","1120421","1120619","","","","","","","0","0","","0","1120504","174430",""
"1120831","5299","杰力","常會","1120609","1120411","1120609","","","","","","","0","0","","0","1120410","210429",""
"1120831","5301","寶得利","常會","1120626","1120428","1120626","","","","","","","0","0","","0","1120512","211538",""
"1120831","5302","太欣","常會","1120626","1120428","1120626","","","","","0","0.00","0","0","","0","1120330","195216",""
"1120831","5309","系統電","常會","1120427","1120227","1120427","","","","","","","0","0","","0","1120314","170507",""
"1120831","5310","天剛","常會","1120626","1120428","1120626","","","","","","","0","0","","0","1120327","110808",""
"1120831","5312","寶島科","常會","1120630","1120502","1120630","","","","","","","0","0","","0","1120412","120459",""
"1120831","5314","世紀","常會","1120606","1120408","1120606","","","","","","","0","0","","0","1120316","211546",""
"1120831","5315","光聯","常會","1120524","1120326","1120524","","","","","","","0","0","","0","1120306","172307",""
"1120831","5321","美而快","常會","1120616","1120418","1120616","","","","","","","0","0","","0","1120508","154009",""
"1120831","5324","士開","常會","1120601","1120403","1120601","","","","","","","0","0","","0","1120316","103908",""
"1120831","5328","華容","常會","1120614","1120416","1120614","","","","","","","0","0","","0","1120323","180421",""
"1120831","5340","建榮","常會","1120616","1120418","1120616","","","","","","","0","0","","0","1120302","181224",""
"1120831","5344","立衛","常會","1120621","1120423","1120621","","","","","","","0","0","","0","1120310","105758",""
"1120831","5345","天揚","常會","1120612","1120414","1120612","","","","","0","0.00","0","0","","0","1120503","162159",""
"1120831","5347","世界","常會","1120613","1120415","1120613","","","","","","","0","0","","0","1120325","175444",""
"1120831","5348","正能量智能","常會","1120628","1120430","1120628","","","","","","","0","0","","0","1120516","174408",""
"1120831","5351","鈺創","常會","1120627","1120429","1120627","","","","","","","0","0","","0","1120511","175419",""
"1120831","5353","台林","常會","1120607","1120409","1120607","","","","","","","0","0","","0","1120316","180708",""
"1120831","5355","佳總","常會","1120614","1120416","1120614","","","","","","","0","0","","0","1120323","183829",""
"1120831","5356","協益","常會","1120615","1120417","1120615","","","","","","","0","0","","0","1120503","150454",""
"1120831","5364","力麗店","常會","1120615","1120417","1120615","","","","","","","0","0","","0","1120317","164025",""
"1120831","5371","中光電","常會","1120614","1120416","1120614","","","","","","","0","0","","0","1120425","85644",""
"1120831","5381","合正","臨時會","1120928","1120830","1120928","","","","","","","0","0","","0","1120811","90751",""
"1120831","5381","合正","常會","1120605","1120407","1120605","","","","","","","0","0","","0","1120424","143213",""
"1120831","5383","金利","常會","1120615","1120417","1120615","","","","","","","0","0","","0","1120322","171533",""
"1120831","5386","青雲","常會","1120608","1120410","1120608","","","","","","","0","0","","0","1120310","171125",""
"1120831","5392","能率","常會","1120613","1120415","1120613","","","","","","","0","0","","0","1120424","161728",""
"1120831","5398","慕康生醫","常會","1120612","1120414","1120612","","","","","0","0.00","0","0","","0","1120323","55028",""
"1120831","5403","中菲","常會","1120531","1120402","1120531","","","","","","","0","0","","0","1120421","160251",""
"1120831","5410","國眾","常會","1120607","1120409","1120607","","","","","","","0","0","","0","1120314","93827",""
"1120831","5425","台半","常會","1120619","1120421","1120619","","","","","","","0","0","","0","1120508","90612",""
"1120831","5426","振發","常會","1120628","1120430","1120628","","","","","","","0","0","","0","1120322","175211",""
"1120831","5432","新門","常會","1120615","1120417","1120615","","","","","","","0","0","","0","1120317","161302",""
"1120831","5438","東友","常會","1120615","1120417","1120615","","","","","0","0.00","0","0","","0","1120407","182518",""
"1120831","5439","高技","常會","1120621","1120423","1120621","","","","","","","0","0","","0","1120323","60014",""
"1120831","5443","均豪","常會","1120619","1120421","1120619","","","","","","","0","0","","0","1120223","171327",""
"1120831","5450","南良","常會","1120627","1120429","1120627","","","","","","","0","0","","0","1120411","194530",""
"1120831","5452","佶優","常會","1120620","1120422","1120620","","","","","","","0","0","","0","1120330","171752",""
"1120831","5455","昇益","常會","1120609","1120411","1120609","","","","","","","0","0","","0","1120318","220219",""
"1120831","5457","宣德","常會","1120614","1120416","1120614","","","","","","","0","0","","0","1120324","173232",""
"1120831","5460","同協","常會","1120616","1120418","1120616","","","","","","","0","0","","0","1120421","102425",""
"1120831","5464","霖宏","常會","1120621","1120423","1120621","","","","","","","0","0","","0","1120317","174617",""
"1120831","5465","富驊","常會","1120613","1120415","1120613","","","","","","","0","0","","0","1120324","173302",""
"1120831","5468","凱鈺","常會","1120607","1120409","1120607","","","","","","","0","0","","0","1120313","180138",""
"1120831","5474","聰泰","常會","1120620","1120422","1120620","","","","","","","0","0","","0","1120314","141220",""
"1120831","5475","德宏","常會","1120609","1120411","1120609","","","","","","","0","0","","0","1120321","164719",""
"1120831","5478","智冠","常會","1120626","1120428","1120626","","","","","","","0","0","","0","1120428","102124",""
"1120831","5481","新華","常會","1120609","1120411","1120609","","","","","","","0","0","","0","1120315","165347",""
"1120831","5483","中美晶","常會","1120621","1120423","1120621","","","","","","","0","0","","0","1120327","121440",""
"1120831","5487","通泰","常會","1120614","1120416","1120614","","","","","","","0","0","","0","1120320","174937",""
"1120831","5488","松普","常會","1120627","1120429","1120627","","","","","","","0","0","","0","1120502","134516",""
"1120831","5489","彩富","常會","1120616","1120418","1120616","","","","","0","0.00","0","0","","0","1120314","115013",""
"1120831","5490","同亨","常會","1120613","1120415","1120613","","","","","0","0.00","0","0","","0","1120428","194713",""
"1120831","5493","三聯","常會","1120524","1120326","1120524","","","","","","","0","0","","0","1120224","182433",""
"1120831","5498","凱崴","常會","1120616","1120418","1120616","","","","","","","0","0","","0","1120504","111943",""
"1120831","5508","永信建","常會","1120606","1120408","1120606","","","","","","","0","0","","0","1120302","180853",""
"1120831","5511","德昌","常會","1120616","1120418","1120616","","","","","0","0.00","0","0","","0","1120329","135909",""
"1120831","5512","力麒","常會","1120616","1120418","1120616","","","","","","","0","0","","0","1120324","84016",""
"1120831","5514","三豐","常會","1120525","1120327","1120525","","","","","","","0","0","","0","1120308","101139",""
"1120831","5516","雙喜","常會","1120630","1120502","1120630","","","","","","","0","0","","0","1120413","142838",""
"1120831","5520","力泰","常會","1120616","1120418","1120616","","","","","","","0","0","","0","1120325","140849",""
"1120831","5523","豐謙","常會","1120531","1120402","1120531","","","","","","","0","0","","0","1120316","102450",""
"1120831","5529","鉅陞","常會","1120524","1120326","1120524","","","","","","","0","0","","0","1120407","120051",""
"1120831","5530","龍巖","常會","1120526","1120328","1120526","","","","","","","0","0","","0","1120306","112955",""
"1120831","5536","聖暉*","常會","1120525","1120327","1120525","","","","","","","0","0","","0","1120330","160728",""
"1120831","5543","桓鼎-KY","常會","1120630","1120502","1120630","","","","","","","0","0","","0","1120413","202539",""
"1120831","5601","台聯櫃","常會","1120607","1120409","1120607","","","","","","","0","0","","0","1120320","93853",""
"1120831","5603","陸海","常會","1120609","1120411","1120609","","","","","0","0.00","0","0","","0","1120414","202435",""
"1120831","5604","中連","常會","1120602","1120404","1120602","","","","","","","0","0","","0","1120210","85850",""
"1120831","5609","中菲行","常會","1120606","1120408","1120606","","","","","","","0","0","","0","1120426","182838",""
"1120831","5701","劍湖山","常會","1120627","1120429","1120627","","","","","","","0","0","","0","1120516","151130",""
"1120831","5701","劍湖山","臨時會","1120106","1111208","1120106","","","","","","","0","0","","0","1111118","150535",""
"1120831","5703","亞都麗緻","常會","1120627","1120429","1120627","","","","","","","0","0","","0","1120512","85433",""
"1120831","5703","亞都麗緻","臨時會","1120316","1120215","1120316","","","","","","","0","0","","0","1120112","135254",""
"1120831","5704","老爺知","常會","1120628","1120430","1120628","","","","","","","0","0","","0","1120407","120302",""
"1120831","5864","致和證","常會","1120504","1120306","1120504","","","","","","","0","0","","0","1120321","171841",""
"1120831","5878","台名","常會","1120531","1120402","1120531","","","","","","","0","0","","0","1120313","180158",""
"1120831","5902","德記","常會","1120531","1120402","1120531","","","","","0","0.00","0","0","","0","1120301","182449",""
"1120831","5903","全家","常會","1120616","1120418","1120616","","","","","","","0","0","","0","1120504","181427",""
"1120831","5904","寶雅","常會","1120530","1120401","1120530","","","","","","","0","0","","0","1120224","162548",""
"1120831","5905","南仁湖","常會","1120628","1120430","1120628","","","","","","","0","0","","0","1120510","142554",""
"1120831","6015","宏遠證","常會","1120531","1120402","1120531","","","","","","","0","0","","0","1120417","152702",""
"1120831","6016","康和證","常會","1120607","1120409","1120607","","","","","","","0","0","","0","1120413","181119",""
"1120831","6020","大展證","常會","1120627","1120429","1120627","","","","","","","0","0","","0","1120315","181035",""
"1120831","6021","美好證","常會","1120524","1120326","1120524","","","","","","","0","0","","0","1120308","145807",""
"1120831","6023","元大期貨","常會","1120524","1120326","1120524","","","","","","","0","0","","0","1120406","184415",""
"1120831","6026","福邦證","常會","1120414","1120214","1120414","","","","","","","0","0","","0","1120301","145313",""
"1120831","6101","寬魚國際","臨時會","1120821","1120723","1120821","","","","","","","0","0","","0","1120710","94508",""
"1120831","6101","寬魚國際","常會","1120627","1120429","1120627","","","","","","","0","0","","0","1120410","190500",""
"1120831","6103","合邦","常會","1120615","1120417","1120615","","","","","","","0","0","","0","1120324","174420",""
"1120831","6104","創惟","常會","1120615","1120417","1120615","","","","","","","0","0","","0","1120412","103720",""
"1120831","6109","亞元","常會","1120530","1120401","1120530","","","","","","","0","0","","0","1120315","153732",""
"1120831","6111","大宇資","常會","1120626","1120428","1120626","","","","","","","0","0","","0","1120516","174625",""
"1120831","6113","亞矽","常會","1120620","1120422","1120620","","","","","","","0","0","","0","1120328","83056",""
"1120831","6114","久威","常會","1120612","1120414","1120612","","","","","","","0","0","","0","1120324","61131",""
"1120831","6118","建達","常會","1120616","1120418","1120616","","","","","","","0","0","","0","1120324","175944",""
"1120831","6121","新普","常會","1120531","1120402","1120531","","","","","","","0","0","","0","1120315","174025",""
"1120831","6122","擎邦","常會","1120626","1120428","1120626","","","","","","","0","0","","0","1120407","120316",""
"1120831","6123","上奇","常會","1120614","1120416","1120614","","","","","","","0","0","","0","1120306","173542",""
"1120831","6124","業強","常會","1120614","1120416","1120614","","","","","","","0","0","","0","1120324","84752",""
"1120831","6125","廣運","常會","1120628","1120430","1120628","","","","","","","0","0","","0","1120321","94848",""
"1120831","6126","信音","常會","1120613","1120415","1120613","","","","","","","0","0","","0","1120427","173138",""
"1120831","6127","九豪","常會","1120620","1120422","1120620","","","","","","","0","0","","0","1120428","171049",""
"1120831","6129","普誠","常會","1120616","1120418","1120616","","","","","0","0.00","0","0","","0","1120314","145722",""
"1120831","6130","上亞科技","常會","1120626","1120428","1120626","","","","","","","0","0","","0","1120503","162245",""
"1120831","6134","萬旭","常會","1120609","1120411","1120609","","","","","","","0","0","","0","1120317","175420",""
"1120831","6138","茂達","常會","1120621","1120423","1120621","","","","","0","0.00","0","0","","0","1120511","183934",""
"1120831","6140","訊達電腦","常會","1120621","1120423","1120621","","","","","","","0","0","","0","1120511","173239",""
"1120831","6143","振曜","常會","1120613","1120415","1120613","","","","","","","0","0","","0","1120503","162437",""
"1120831","6144","得利影","常會","1120628","1120430","1120628","","","","","","","0","0","","0","1120316","115434",""
"1120831","6146","耕興","常會","1120609","1120411","1120609","","","","","","","0","0","","0","1120303","180638",""
"1120831","6147","頎邦","常會","1120531","1120402","1120531","","","","","","","0","0","","0","1120330","171141",""
"1120831","6148","驊宏資","常會","1120628","1120430","1120628","","","","","","","0","0","","0","1120401","183410",""
"1120831","6150","撼訊","常會","1120614","1120416","1120614","","","","","","","0","0","","0","1120504","175036",""
"1120831","6151","晉倫","常會","1120530","1120401","1120530","","","","","","","0","0","","0","1120322","171314",""
"1120831","6154","順發","常會","1120531","1120402","1120531","","","","","","","0","0","","0","1120317","142318",""
"1120831","6156","松上","常會","1120616","1120418","1120616","","","","","","","0","0","","0","1120324","163924",""
"1120831","6158","禾昌","常會","1120606","1120408","1120606","","","","","0","0.00","0","0","","0","1120426","175535",""
"1120831","6160","欣技","常會","1120627","1120429","1120627","","","","","","","0","0","","0","1120428","102030",""
"1120831","6161","捷波","常會","1120627","1120429","1120627","","","","","","","0","0","","0","1120512","142528",""
"1120831","6163","華電網","常會","1120630","1120502","1120630","","","","","","","0","0","","0","1120426","141325",""
"1120831","6167","久正","常會","1120620","1120422","1120620","","","","","","","0","0","","0","1120324","172609",""
"1120831","6169","昱泉","常會","1120630","1120502","1120630","","","","","","","0","0","","0","1120330","173236",""
"1120831","6170","統振","常會","1120614","1120416","1120614","","","","","","","0","0","","0","1120508","105457",""
"1120831","6171","大城地產","常會","1120628","1120430","1120628","","","","","","","0","0","","0","1120328","83143",""
"1120831","6173","信昌電","常會","1120620","1120422","1120620","","","","","","","0","0","","0","1120505","85617",""
"1120831","6174","安碁","常會","1120524","1120326","1120524","","","","","0","0.00","0","0","","0","1120308","211759",""
"1120831","6175","立敦","常會","1120630","1120502","1120630","","","","","","","0","0","","0","1120512","110550",""
"1120831","6179","亞通","常會","1120628","1120430","1120628","","","","","","","0","0","","0","1120515","162613",""
"1120831","6180","橘子","常會","1120620","1120422","1120620","","","","","0","0.00","0","0","","0","1120328","152726",""
"1120831","6182","合晶","常會","1120619","1120421","1120619","","","","","","","0","0","","0","1120425","173159",""
"1120831","6185","幃翔","常會","1120612","1120414","1120612","","","","","","","0","0","","0","1120407","141720",""
"1120831","6186","新潤","常會","1120614","1120416","1120614","","","","","","","0","0","","0","1120508","182116",""
"1120831","6187","萬潤","常會","1120615","1120417","1120615","","","","","","","0","0","","0","1120327","85600",""
"1120831","6188","廣明","常會","1120607","1120409","1120607","","","","","","","0","0","","0","1120316","173806",""
"1120831","6190","萬泰科","常會","1120607","1120409","1120607","","","","","","","0","0","","0","1120320","102858",""
"1120831","6194","育富","常會","1120614","1120416","1120614","","","","","","","0","0","","0","1120327","183902",""
"1120831","6195","詩肯","常會","1120619","1120421","1120619","","","","","","","0","0","","0","1120330","172341",""
"1120831","6198","瑞築","常會","1120524","1120326","1120524","","","","","0","0.00","0","0","","0","1120410","180510",""
"1120831","6199","天品","常會","1120628","1120430","1120628","","","","","","","0","0","","0","1120330","92715",""
"1120831","6203","海韻電","常會","1120614","1120416","1120614","","","","","","","0","0","","0","1120324","101618",""
"1120831","6204","艾華","常會","1120509","1120311","1120509","","","","","","","0","0","","0","1120209","134033",""
"1120831","6207","雷科","常會","1120620","1120422","1120620","","","","","","","0","0","","0","1120329","122206",""
"1120831","6208","日揚","常會","1120608","1120410","1120608","","","","","","","0","0","","0","1120309","155425",""
"1120831","6210","慶生","常會","1120614","1120416","1120614","","","","","","","0","0","","0","1120316","181153",""
"1120831","6212","理銘","常會","1120607","1120409","1120607","","","","","","","0","0","","0","1120315","163341",""
"1120831","6217","中探針","常會","1120619","1120421","1120619","","","","","","","0","0","","0","1120425","150826",""
"1120831","6218","豪勉","常會","1120626","1120428","1120626","","","","","","","0","0","","0","1120329","150629",""
"1120831","6219","富旺","常會","1120410","1120210","1120410","","","","","","","0","0","","0","1120302","190655",""
"1120831","6220","岳豐","常會","1120620","1120422","1120620","","","","","","","0","0","","0","1120426","175655",""
"1120831","6221","晉泰","常會","1120614","1120416","1120614","","","","","0","0.00","0","0","","0","1120504","170433",""
"1120831","6222","上揚","常會","1120626","1120428","1120626","","","","","0","0.00","0","0","","0","1120330","134456",""
"1120831","6223","旺矽","常會","1120615","1120417","1120615","","","","","","","0","0","","0","1120313","160441",""
"1120831","6227","茂綸","常會","1120530","1120401","1120530","","","","","","","0","0","","0","1120310","105916",""
"1120831","6228","全譜","常會","1120518","1120320","1120518","","","","","","","0","0","","0","1120325","110248",""
"1120831","6228","全譜","臨時會","1120208","1120110","1120208","","","","","","","0","0","","0","1111213","162314",""
"1120831","6229","研通","常會","1120629","1120501","1120629","","","","","","","0","0","","0","1120323","211704",""
"1120831","6231","系微","常會","1120531","1120402","1120531","","","","","","","0","0","","0","1120420","194356",""
"1120831","6233","旺玖","常會","1120607","1120409","1120607","","","","","","","0","0","","0","1120421","160603",""
"1120831","6234","高僑","常會","1120630","1120502","1120630","","","","","","","0","0","","0","1120407","221720",""
"1120831","6236","中湛","常會","1120627","1120429","1120627","","","","","","","0","0","","0","1120406","205939",""
"1120831","6237","驊訊","常會","1120616","1120418","1120616","","","","","","","0","0","","0","1120327","90003",""
"1120831","6240","松崗","常會","1120628","1120430","1120628","","","","","","","0","0","","0","1120517","145104",""
"1120831","6241","易通展","常會","1120529","1120331","1120529","","","","","0","0.00","0","0","","0","1120418","135645",""
"1120831","6242","立康","常會","1120531","1120402","1120531","","","","","0","0.00","0","0","","0","1120301","180752",""
"1120831","6244","茂迪","常會","1120619","1120421","1120619","","","","","","","0","0","","0","1120331","83626",""
"1120831","6245","立端","常會","1120621","1120423","1120621","","","","","","","0","0","","0","1120510","92709",""
"1120831","6246","臺龍","常會","1120619","1120421","1120619","","","","","","","0","0","","0","1120508","105715",""
"1120831","6248","沛波","常會","1120512","1120314","1120512","","","","","","","0","0","","0","1120313","145509",""
"1120831","6259","百徽","常會","1120628","1120430","1120628","","","","","","","0","0","","0","1120410","185834",""
"1120831","6261","久元","常會","1120613","1120415","1120613","","","","","","","0","0","","0","1120420","145911",""
"1120831","6263","普萊德","常會","1120524","1120326","1120524","","","","","","","0","0","","0","1120224","141958",""
"1120831","6264","富裔","常會","1120626","1120428","1120626","","","","","","","0","0","","0","1120411","103812",""
"1120831","6265","方土昶","常會","1120630","1120502","1120630","","","","","","","0","0","","0","1120508","174239",""
"1120831","6266","泰詠","常會","1120519","1120321","1120519","","","","","0","0.00","0","0","","0","1120327","181200",""
"1120831","6270","倍微","常會","1120530","1120401","1120530","","","","","","","0","0","","0","1120331","104809",""
"1120831","6274","台燿","常會","1120615","1120417","1120615","","","","","","","0","0","","0","1120420","161717",""
"1120831","6275","元山","常會","1120529","1120331","1120529","","","","","","","0","0","","0","1120314","184333",""
"1120831","6276","安鈦克","臨時會","1120922","1120824","1120922","","","","","","","0","0","","0","1120824","155306",""
"1120831","6276","安鈦克","常會","1120615","1120417","1120615","","","","","","","0","0","","0","1120418","174651",""
"1120831","6279","胡連","常會","1120619","1120421","1120619","","","","","","","0","0","","0","1120509","174740",""
"1120831","6284","佳邦","常會","1120616","1120418","1120616","","","","","","","0","0","","0","1120505","144537",""
"1120831","6287","元隆","常會","1120630","1120502","1120630","","","","","","","0","0","","0","1120414","143422",""
"1120831","6290","良維","常會","1120620","1120422","1120620","","","","","","","0","0","","0","1120424","140310",""
"1120831","6291","沛亨","常會","1120607","1120409","1120607","","","","","","","0","0","","0","1120315","191611",""
"1120831","6292","迅德","常會","1120526","1120328","1120526","","","","","","","0","0","","0","1120308","135936",""
"1120831","6294","智基","常會","1120616","1120418","1120616","","","","","","","0","0","","0","1120323","55657",""
"1120831","6404","通訊-KY","常會","1120628","1120430","1120628","","","","","0","0.00","0","0","","0","1120411","171054",""
"1120831","6411","晶焱","常會","1120612","1120414","1120612","","","","","","","0","0","","0","1120324","84446",""
"1120831","6417","韋僑","常會","1120524","1120326","1120524","","","","","","","0","0","","0","1120309","110539",""
"1120831","6418","詠昇","常會","1120607","1120409","1120607","","","","","","","0","0","","0","1120310","132714",""
"1120831","6419","京晨科","常會","1120627","1120429","1120627","","","","","","","0","0","","0","1120516","122827",""
"1120831","6425","易發","常會","1120516","1120318","1120516","","","","","","","0","0","","0","1120331","172951",""
"1120831","6432","今展科","常會","1120615","1120417","1120615","","","","","","","0","0","","0","1120412","103804",""
"1120831","6435","大中","常會","1120621","1120423","1120621","","","","","","","0","0","","0","1120515","90236",""
"1120831","6441","廣錠","常會","1120630","1120502","1120630","","","","","","","0","0","","0","1120426","161411",""
"1120831","6446","藥華藥","常會","1120524","1120326","1120524","","","","","","","0","0","","0","1120308","184730",""
"1120831","6457","紘康","常會","1120531","1120402","1120531","","","","","","","0","0","","0","1120327","152744",""
"1120831","6461","益得","常會","1120530","1120401","1120530","","","","","","","0","0","","0","1120414","170125",""
"1120831","6462","神盾","常會","1120621","1120423","1120621","","","","","0","0.00","0","0","","0","1120510","185404",""
"1120831","6465","威潤","常會","1120602","1120404","1120602","","","","","","","0","0","","0","1120420","113957",""
"1120831","6469","大樹","常會","1120531","1120402","1120531","","","","","","","0","0","","0","1120224","173925",""
"1120831","6470","宇智","常會","1120621","1120423","1120621","","","","","","","0","0","","0","1120511","92913",""
"1120831","6472","保瑞","常會","1120606","1120408","1120606","","","","","","","0","0","","0","1120317","165838",""
"1120831","6482","弘煜科","常會","1120613","1120415","1120613","","","","","","","0","0","","0","1120324","115546",""
"1120831","6485","點序","常會","1120620","1120422","1120620","","","","","","","0","0","","0","1120503","142011",""
"1120831","6486","互動","常會","1120530","1120401","1120530","","","","","","","0","0","","0","1120301","181919",""
"1120831","6488","環球晶","常會","1120620","1120422","1120620","","","","","","","0","0","","0","1120503","141223",""
"1120831","6492","生華科","常會","1120630","1120502","1120630","","","","","","","0","0","","0","1120504","200112",""
"1120831","6494","九齊","常會","1120531","1120402","1120531","","","","","","","0","0","","0","1120401","183847",""
"1120831","6496","科懋","常會","1120523","1120325","1120523","","","","","","","0","0","","0","1120308","175929",""
"1120831","6499","益安","常會","1120619","1120421","1120619","","","","","0","0.00","0","0","","0","1120325","175913",""
"1120831","6506","雙邦","常會","1120620","1120422","1120620","","","","","","","0","0","","0","1120320","102012",""
"1120831","6508","惠光","常會","1120628","1120430","1120628","","","","","0","0.00","0","0","","0","1120524","175824",""
"1120831","6509","聚和","常會","1120620","1120422","1120620","","","","","0","0.00","0","0","","0","1120331","163149",""
"1120831","6510","精測","常會","1120607","1120409","1120607","","","","","0","0.00","0","0","","0","1120310","115636",""
"1120831","6512","啟發電","常會","1120619","1120421","1120619","","","","","","","0","0","","0","1120223","152952",""
"1120831","6514","芮特-KY","常會","1120620","1120422","1120620","","","","","","","0","0","","0","1120329","141955",""
"1120831","6516","勤崴國際","常會","1120519","1120321","1120519","","","","","","","0","0","","0","1120301","120416",""
"1120831","6517","保勝光學","常會","1120609","1120411","1120609","","","","","","","0","0","","0","1120426","175433",""
"1120831","6523","達爾膚","常會","1120608","1120410","1120608","","","","","","","0","0","","0","1120313","123121",""
"1120831","6527","明達醫","常會","1120629","1120501","1120629","","","","","","","0","0","","0","1120509","165230",""
"1120831","6530","創威","常會","1120607","1120409","1120607","","","","","","","0","0","","0","1120315","165624",""
"1120831","6532","瑞耘","常會","1120524","1120326","1120524","","","","","0","0.00","0","0","","0","1120331","151118",""
"1120831","6535","順藥","常會","1120531","1120402","1120531","","","","","","","0","0","","0","1120314","152027",""
"1120831","6538","倉和","常會","1120621","1120423","1120621","","","","","","","0","0","","0","1120511","163442",""
"1120831","6542","隆中","常會","1120613","1120415","1120613","","","","","","","0","0","","0","1120323","112233",""
"1120831","6546","正基","常會","1120606","1120408","1120606","","","","","","","0","0","","0","1120412","173231",""
"1120831","6547","高端疫苗","常會","1120629","1120501","1120629","","","","","","","0","0","","0","1120508","90954",""
"1120831","6548","長科*","常會","1120531","1120402","1120531","","","","","","","0","0","","0","1120222","100140",""
"1120831","6556","勝品","臨時會","1120825","1120727","1120825","","","","","","","0","0","","0","1120710","175302",""
"1120831","6556","勝品","常會","1120613","1120415","1120613","","","","","0","0.00","0","0","","0","1120314","131534",""
"1120831","6560","欣普羅","常會","1120609","1120411","1120609","","","","","","","0","0","","0","1120428","140446",""
"1120831","6561","是方","常會","1120629","1120501","1120629","","","","","","","0","0","","0","1120508","182211",""
"1120831","6568","宏觀","常會","1120613","1120415","1120613","","","","","","","0","0","","0","1120427","171758",""
"1120831","6569","醫揚","常會","1120526","1120328","1120526","","","","","","","0","0","","0","1120301","145311",""
"1120831","6570","維田","常會","1120530","1120401","1120530","","","","","","","0","0","","0","1120314","182825",""
"1120831","6574","霈方","常會","1120628","1120430","1120628","","","","","","","0","0","","0","1120516","172252",""
"1120831","6576","逸達","常會","1120601","1120403","1120601","","","","","0","0.00","0","0","","0","1120407","172432",""
"1120831","6577","勁豐","常會","1120613","1120415","1120613","","","","","","","0","0","","0","1120324","175239",""
"1120831","6578","達邦蛋白","臨時會","1120927","1120829","1120927","","","","","","","0","0","","0","1120804","111714",""
"1120831","6578","達邦蛋白","常會","1120628","1120430","1120628","","","","","0","0.00","0","0","","0","1120420","171358",""
"1120831","6584","南俊國際","常會","1120602","1120404","1120602","","","","","","","0","0","","0","1120317","125945",""
"1120831","6588","東典","常會","1120524","1120326","1120524","","","","","","","0","0","","0","1120331","163327",""
"1120831","6589","台康生技","常會","1120531","1120402","1120531","","","","","","","0","0","","0","1120315","163840",""
"1120831","6590","普鴻","常會","1120524","1120326","1120524","","","","","","","0","0","","0","1120308","211958",""
"1120831","6593","台灣銘板","常會","1120906","1120709","1120906","","","","","","","0","0","","0","1120620","183336",""
"1120831","6596","寬宏藝術","常會","1120523","1120325","1120523","","","","","","","0","0","","0","1120308","152505",""
"1120831","6603","富強鑫","常會","1120615","1120417","1120615","","","","","","","0","0","","0","1120418","151226",""
"1120831","6609","瀧澤科","常會","1120620","1120422","1120620","","","","","","","0","0","","0","1120511","181512",""
"1120831","6612","奈米醫材","常會","1120531","1120402","1120531","","","","","","","0","0","","0","1120310","101259",""
"1120831","6613","朋億*","常會","1120524","1120326","1120524","","","","","","","0","0","","0","1120308","95052",""
"1120831","6615","慧智","常會","1120614","1120416","1120614","","","","","","","0","0","","0","1120325","94947",""
"1120831","6616","特昇-KY","常會","1120621","1120423","1120621","","","","","","","0","0","","0","1120331","171729",""
"1120831","6624","萬年清","常會","1120609","1120411","1120609","","","","","","","0","0","","0","1120314","150251",""
"1120831","6629","泰金-KY","常會","1120615","1120417","1120615","","","","","","","0","0","","0","1120324","174601",""
"1120831","6640","均華","常會","1120621","1120423","1120621","","","","","","","0","0","","0","1120508","165001",""
"1120831","6642","富致","常會","1120523","1120325","1120523","","","","","","","0","0","","0","1120224","141641",""
"1120831","6643","M31","常會","1120524","1120326","1120524","","","","","","","0","0","","0","1120302","141328",""
"1120831","6649","台生材","常會","1120609","1120411","1120609","","","","","","","0","0","","0","1120414","200227",""
"1120831","6651","全宇昕","常會","1120621","1120423","1120621","","","","","","","0","0","","0","1120317","161407",""
"1120831","6654","天正國際","常會","1120531","1120402","1120531","","","","","","","0","0","","0","1120314","150455",""
"1120831","6661","威健生技","常會","1120518","1120320","1120518","","","","","","","0","0","","0","1120302","110412",""
"1120831","6662","樂斯科","常會","1120609","1120411","1120609","","","","","","","0","0","","0","1120320","142133",""
"1120831","6664","群翊","常會","1120530","1120401","1120530","","","","","","","0","0","","0","1120410","185907",""
"1120831","6667","信紘科","常會","1120613","1120415","1120613","","","","","","","0","0","","0","1120320","174658",""
"1120831","6679","鈺太","常會","1120517","1120319","1120517","","","","","","","0","0","","0","1120301","141226",""
"1120831","6680","鑫創電子","常會","1120530","1120401","1120530","","","","","","","0","0","","0","1120313","180023",""
"1120831","6683","雍智科技","常會","1120626","1120428","1120626","","","","","","","0","0","","0","1120515","151636",""
"1120831","6684","安格","常會","1120613","1120415","1120613","","","","","","","0","0","","0","1120504","204825",""
"1120831","6690","安碁資訊","常會","1120531","1120402","1120531","","","","","","","0","0","","0","1120314","185210",""
"1120831","6693","廣閎科","常會","1120626","1120428","1120626","","","","","0","0.00","0","0","","0","1120315","115918",""
"1120831","6697","東捷資訊","常會","1120529","1120331","1120529","","","","","","","0","0","","0","1120320","175104",""
"1120831","6703","軒郁","常會","1120616","1120418","1120616","","","","","","","0","0","","0","1120328","83203",""
"1120831","6708","天擎","常會","1120630","1120502","1120630","","","","","","","0","0","","0","1120411","185100",""
"1120831","6712","長聖","常會","1120504","1120306","1120504","","","","","","","0","0","","0","1120314","180359",""
"1120831","6716","應廣","常會","1120530","1120401","1120530","","","","","","","0","0","","0","1120302","184540",""
"1120831","6721","信實","常會","1120609","1120411","1120609","","","","","","","0","0","","0","1120313","122720",""
"1120831","6727","亞泰金屬","常會","1120627","1120429","1120627","","","","","","","0","0","","0","1120508","165220",""
"1120831","6728","上洋","常會","1120530","1120401","1120530","","","","","","","0","0","","0","1120314","141607",""
"1120831","6732","昇佳電子","常會","1120620","1120422","1120620","","","","","","","0","0","","0","1120322","84424",""
"1120831","6733","博晟生醫","常會","1120613","1120415","1120613","","","","","","","0","0","","0","1120313","174220",""
"1120831","6735","美達科技","常會","1120619","1120421","1120619","","","","","","","0","0","","0","1120330","165709",""
"1120831","6741","91APP*-KY","常會","1120609","1120411","1120609","","","","","","","0","0","","0","1120316","85204",""
"1120831","6747","亨泰光","常會","1120613","1120415","1120613","","","","","","","0","0","","0","1120323","211829",""
"1120831","6751","智聯服務","常會","1120613","1120415","1120613","","","","","","","0","0","","0","1120318","220308",""
"1120831","6752","叡揚","常會","1120530","1120401","1120530","","","","","","","0","0","","0","1120315","102727",""
"1120831","6761","穩得","臨時會","1120830","1120801","1120830","","","","","","","0","0","","0","1120713","155214",""
"1120831","6761","穩得","常會","1120530","1120401","1120530","","","","","0","0.00","0","0","","0","1120315","101211",""
"1120831","6762","達亞","常會","1120515","1120317","1120515","","","","","","","0","0","","0","1120301","180355",""
"1120831","6763","綠界科技","常會","1120615","1120417","1120615","","","","","","","0","0","","0","1120323","172000",""
"1120831","6767","台微醫","常會","1120607","1120409","1120607","","","","","","","0","0","","0","1120307","190414",""
"1120831","6788","華景電","常會","1120606","1120408","1120606","","","","","","","0","0","","0","1120411","95036",""
"1120831","6791","虎門科技","常會","1120617","1120419","1120617","","","","","","","0","0","","0","1120505","154319",""
"1120831","6803","崑鼎","常會","1120531","1120402","1120531","","","","","0","0.00","0","0","","0","1120420","194127",""
"1120831","6804","明係","常會","1120526","1120328","1120526","","","","","","","0","0","","0","1120413","172244",""
"1120831","6811","宏碁資訊","常會","1120609","1120411","1120609","","","","","","","0","0","","0","1120320","155511",""
"1120831","6821","聯寶","常會","1120630","1120502","1120630","","","","","","","0","0","","0","1120329","172315",""
"1120831","6823","濾能","常會","1120619","1120421","1120619","","","","","","","0","0","","0","1120331","170056",""
"1120831","6829","千附精密","常會","1120530","1120401","1120530","","","","","0","0.00","0","0","","0","1120310","145439",""
"1120831","6840","東研信超","常會","1120619","1120421","1120619","","","","","","","0","0","","0","1120330","160934",""
"1120831","6841","長佳智能","常會","1120505","1120307","1120505","","","","","","","0","0","","0","1120325","145419",""
"1120831","6843","進典","常會","1120515","1120317","1120515","","","","","","","0","0","","0","1120224","170403",""
"1120831","6846","綠茵","常會","1120626","1120428","1120626","","","","","","","0","0","","0","1120416","233115",""
"1120831","6855","數泓科","常會","1120605","1120407","1120605","","","","","","","0","0","","0","1120411","185131",""
"1120831","6859","伯特光","常會","1120612","1120414","1120612","","","","","","","0","0","","0","1120426","181419",""
"1120831","6865","偉康科技","常會","1120607","1120409","1120607","","","","","","","0","0","","0","1120317","95012",""
"1120831","6874","倍力","常會","1120609","1120411","1120609","","","","","","","0","0","","0","1120317","161556",""
"1120831","6877","鏵友益","常會","1120630","1120502","1120630","","","","","","","0","0","","0","1120417","103529",""
"1120831","6895","宏碩系統","常會","1120607","1120409","1120607","","","","","","","0","0","","0","1120223","130106",""
"1120831","7402","邑錡","常會","1120615","1120417","1120615","","","","","","","0","0","","0","1120327","111019",""
"1120831","7556","意德士科技","常會","1120531","1120402","1120531","","","","","0","0.00","0","0","","0","1120223","175942",""
"1120831","8024","佑華","常會","1120615","1120417","1120615","","","","","","","0","0","","0","1120420","160628",""
"1120831","8027","鈦昇","常會","1120621","1120423","1120621","","","","","","","0","0","","0","1120331","174017",""
"1120831","8032","光菱","常會","1120613","1120415","1120613","","","","","0","0.00","0","0","","0","1120413","95657",""
"1120831","8034","榮群","常會","1120616","1120418","1120616","","","","","0","0.00","0","0","","0","1120427","171639",""
"1120831","8038","長園科","常會","1120630","1120502","1120630","","","","","","","0","0","","0","1120503","100322",""
"1120831","8040","九暘","常會","1120614","1120416","1120614","","","","","","","0","0","","0","1120316","101030",""
"1120831","8042","金山電","常會","1120531","1120402","1120531","","","","","","","0","0","","0","1120419","162148",""
"1120831","8043","蜜望實","常會","1120612","1120414","1120612","","","","","","","0","0","","0","1120417","182401",""
"1120831","8044","網家","常會","1120628","1120430","1120628","","","","","0","0.00","0","0","","0","1120504","84209",""
"1120831","8047","星雲","常會","1120620","1120422","1120620","","","","","","","0","0","","0","1120328","114825",""
"1120831","8048","德勝","常會","1120609","1120411","1120609","","","","","0","0.00","0","0","","0","1120316","180414",""
"1120831","8049","晶采","常會","1120530","1120401","1120530","","","","","","","0","0","","0","1120330","174356",""
"1120831","8050","廣積","常會","1120620","1120422","1120620","","","","","","","0","0","","0","1120411","185008",""
"1120831","8054","安國","常會","1120620","1120422","1120620","","","","","","","0","0","","0","1120509","162908",""
"1120831","8059","凱碩","常會","1120530","1120401","1120530","","","","","","","0","0","","0","1120314","134316",""
"1120831","8064","東捷","常會","1120620","1120422","1120620","","","","","","","0","0","","0","1120321","182940",""
"1120831","8066","來思達","常會","1120531","1120402","1120531","","","","","","","0","0","","0","1120325","122829",""
"1120831","8067","志旭","常會","1120615","1120417","1120615","","","","","","","0","0","","0","1120322","172212",""
"1120831","8068","全達","常會","1120619","1120421","1120619","","","","","","","0","0","","0","1120509","174955",""
"1120831","8069","元太","常會","1120629","1120501","1120629","","","","","","","0","0","","0","1120328","172730",""
"1120831","8071","能率網通","常會","1120626","1120428","1120626","","","","","","","0","0","","0","1120516","150430",""
"1120831","8074","鉅橡","常會","1120503","1120305","1120503","","","","","","","0","0","","0","1120308","181331",""
"1120831","8076","伍豐","常會","1120629","1120501","1120629","","","","","","","0","0","","0","1120512","151224",""
"1120831","8077","洛碁","常會","1120616","1120418","1120616","","","","","0","0.00","0","0","","0","1120325","95524",""
"1120831","8080","印鉐","常會","1120614","1120416","1120614","","","","","","","0","0","","0","1120504","183219",""
"1120831","8080","印鉐","臨時會","1120328","1120227","1120328","","","","","","","0","0","","0","1120206","162833","已撤銷"
"1120831","8083","瑞穎","常會","1120526","1120328","1120526","","","","","","","0","0","","0","1120224","142252",""
"1120831","8084","巨虹","常會","1120530","1120401","1120530","","","","","","","0","0","","0","1120313","162539",""
"1120831","8085","福華","常會","1120613","1120415","1120613","","","","","","","0","0","","0","1120321","102621",""
"1120831","8086","宏捷科","常會","1120629","1120501","1120629","","","","","","","0","0","","0","1120321","102744",""
"1120831","8087","華鎂鑫","常會","1120602","1120404","1120602","","","","","0","0.00","0","0","","0","1120320","174100",""
"1120831","8088","品安","常會","1120628","1120430","1120628","","","","","","","0","0","","0","1120428","101946",""
"1120831","8089","康全電訊","常會","1120615","1120417","1120615","","","","","","","0","0","","0","1120306","103317",""
"1120831","8091","翔名","常會","1120619","1120421","1120619","","","","","","","0","0","","0","1120426","144020",""
"1120831","8092","建暐","常會","1120629","1120501","1120629","","","","","","","0","0","","0","1120329","122410",""
"1120831","8093","保銳","常會","1120531","1120402","1120531","","","","","0","0.00","0","0","","0","1120310","93831",""
"1120831","8096","擎亞","常會","1120628","1120430","1120628","","","","","","","0","0","","0","1120505","175400",""
"1120831","8097","常珵","常會","1120630","1120502","1120630","","","","","0","0.00","0","0","","0","1120509","175604",""
"1120831","8099","大世科","常會","1120615","1120417","1120615","","","","","","","0","0","","0","1120509","105449",""
"1120831","8107","大億金茂","常會","1120614","1120416","1120614","","","","","","","0","0","","0","1120325","95639",""
"1120831","8109","博大","常會","1120608","1120410","1120608","","","","","","","0","0","","0","1120424","140238",""
"1120831","8111","立碁","常會","1120609","1120411","1120609","","","","","","","0","0","","0","1120320","164723",""
"1120831","8121","越峰","常會","1120526","1120328","1120526","","","","","0","0.00","0","0","","0","1120330","170113",""
"1120831","8147","正淩","常會","1120614","1120416","1120614","","","","","0","0.00","0","0","","0","1120324","95636",""
"1120831","8155","博智","常會","1120619","1120421","1120619","","","","","","","0","0","","0","1120330","134333",""
"1120831","8171","天宇","常會","1120531","1120402","1120531","","","","","","","0","0","","0","1120421","113620",""
"1120831","8176","智捷","常會","1120524","1120326","1120524","","","","","","","0","0","","0","1120310","164127",""
"1120831","8182","加高","常會","1120616","1120418","1120616","","","","","","","0","0","","0","1120310","175734",""
"1120831","8183","精星","常會","1120614","1120416","1120614","","","","","","","0","0","","0","1120504","170615",""
"1120831","8227","巨有科技","常會","1120609","1120411","1120609","","","","","","","0","0","","0","1120411","163020",""
"1120831","8234","新漢","常會","1120627","1120429","1120627","","","","","","","0","0","","0","1120512","110350",""
"1120831","8240","華宏","常會","1120529","1120331","1120529","","","","","","","0","0","","0","1120314","184416",""
"1120831","8255","朋程","常會","1120526","1120328","1120526","","","","","","","0","0","","0","1120331","83702",""
"1120831","8277","商丞","常會","1120609","1120411","1120609","","","","","0","0.00","0","0","","0","1120418","151521",""
"1120831","8279","生展","常會","1120530","1120401","1120530","","","","","","","0","0","","0","1120412","100958",""
"1120831","8284","三竹","常會","1120626","1120428","1120626","","","","","","","0","0","","0","1120320","183741",""
"1120831","8289","泰藝","常會","1120616","1120418","1120616","","","","","","","0","0","","0","1120421","83849",""
"1120831","8291","尚茂","常會","1120615","1120417","1120615","","","","","0","0.00","0","0","","0","1120317","161739",""
"1120831","8299","群聯","常會","1120531","1120402","1120531","","","","","","","0","0","","0","1120315","172054",""
"1120831","8342","益張","常會","1120606","1120408","1120606","","","","","","","0","0","","0","1120310","171415",""
"1120831","8349","恒耀國際","常會","1120616","1120418","1120616","","","","","","","0","0","","0","1120321","174712",""
"1120831","8354","冠好","常會","1120628","1120430","1120628","","","","","","","0","0","","0","1120329","122141",""
"1120831","8358","金居","常會","1120619","1120421","1120619","","","","","","","0","0","","0","1120425","135909",""
"1120831","8383","千附","常會","1120531","1120402","1120531","","","","","0","0.00","0","0","","0","1120419","174118",""
"1120831","8390","金益鼎","常會","1120628","1120430","1120628","","","","","","","0","0","","0","1120411","193628",""
"1120831","8401","白紗科","常會","1120529","1120331","1120529","","","","","","","0","0","","0","1120315","172556",""
"1120831","8403","盛弘","常會","1120630","1120502","1120630","","","","","","","0","0","","0","1120515","161729",""
"1120831","8409","商之器","常會","1120620","1120422","1120620","","","","","","","0","0","","0","1120315","154518",""
"1120831","8410","森田","常會","1120627","1120429","1120627","","","","","","","0","0","","0","1120324","55215",""
"1120831","8415","大國鋼","常會","1120612","1120414","1120612","","","","","0","0.00","0","0","","0","1120313","173500",""
"1120831","8416","實威","常會","1120530","1120401","1120530","","","","","","","0","0","","0","1120315","164341",""
"1120831","8418","捷必勝-KY","常會","1120627","1120429","1120627","","","","","","","0","0","","0","1120331","143402",""
"1120831","8420","明揚","常會","1120531","1120402","1120531","","","","","","","0","0","","0","1120315","191248",""
"1120831","8421","旭源","常會","1120609","1120411","1120609","","","","","","","0","0","","0","1120414","143526",""
"1120831","8423","保綠-KY","常會","1120619","1120421","1120619","","","","","","","0","0","","0","1120510","91225",""
"1120831","8424","惠普","常會","1120523","1120325","1120523","","","","","","","0","0","","0","1120412","160613",""
"1120831","8426","紅木-KY","常會","1120628","1120430","1120628","","","","","","","0","0","","0","1120329","135940",""
"1120831","8431","匯鑽科","常會","1120609","1120411","1120609","","","","","","","0","0","","0","1120411","174520",""
"1120831","8432","東生華","常會","1120525","1120327","1120525","","","","","","","0","0","","0","1120306","173030",""
"1120831","8433","弘帆","常會","1120630","1120502","1120630","","","","","","","0","0","","0","1120406","92852",""
"1120831","8435","鉅邁","常會","1120609","1120411","1120609","","","","","","","0","0","","0","1120414","170137",""
"1120831","8436","大江","常會","1120627","1120429","1120627","","","","","","","0","0","","0","1120410","174756",""
"1120831","8437","大地-KY","常會","1120615","1120417","1120615","","","","","","","0","0","","0","1120322","94619",""
"1120831","8440","綠電","常會","1120426","1120226","1120426","","","","","","","0","0","","0","1120302","184401",""
"1120831","8444","綠河-KY","常會","1120621","1120423","1120621","","","","","0","0.00","0","0","","0","1120330","143822",""
"1120831","8446","華研","常會","1120620","1120422","1120620","","","","","","","0","0","","0","1120309","173602",""
"1120831","8450","霹靂","常會","1120524","1120326","1120524","","","","","","","0","0","","0","1120306","173529",""
"1120831","8455","大拓-KY","常會","1120615","1120417","1120615","","","","","","","0","0","","0","1120320","182949",""
"1120831","8472","夠麻吉","常會","1120524","1120326","1120524","","","","","","","0","0","","0","1120310","93803",""
"1120831","8476","台境","常會","1120529","1120331","1120529","","","","","","","0","0","","0","1120412","175938",""
"1120831","8477","創業家","常會","1120621","1120423","1120621","","","","","0","0.00","0","0","","0","1120426","140925",""
"1120831","8489","三貝德","常會","1120612","1120414","1120612","","","","","","","0","0","","0","1120417","180947",""
"1120831","8905","裕國","常會","1120617","1120419","1120617","","","","","","","0","0","","0","1120421","191516",""
"1120831","8906","花王","常會","1120524","1120326","1120524","","","","","","","0","0","","0","1120407","122445",""
"1120831","8908","欣雄","常會","1120619","1120421","1120619","","","","","","","0","0","","0","1120320","173332",""
"1120831","8916","光隆","常會","1120531","1120402","1120531","","","","","","","0","0","","0","1120330","104049",""
"1120831","8917","欣泰","常會","1120612","1120414","1120612","","","","","","","0","0","","0","1120323","175856",""
"1120831","8921","沈氏","常會","1120630","1120502","1120630","","","","","","","0","0","","0","1120316","210804",""
"1120831","8923","時報","常會","1120609","1120411","1120609","","","","","","","0","0","","0","1120321","95658",""
"1120831","8924","大田","常會","1120524","1120326","1120524","","","","","","","0","0","","0","1120308","92727",""
"1120831","8927","北基","常會","1120621","1120423","1120621","","","","","0","0.00","0","0","","0","1120316","110518",""
"1120831","8928","鉅明","常會","1120524","1120326","1120524","","","","","","","0","0","","0","1120302","180728",""
"1120831","8929","富堡","常會","1120621","1120423","1120621","","","","","","","0","0","","0","1120512","211033",""
"1120831","8930","青鋼","常會","1120531","1120402","1120531","","","","","","","0","0","","0","1120315","101023",""
"1120831","8931","大汽電","常會","1120531","1120402","1120531","","","","","","","0","0","","0","1120315","102752",""
"1120831","8932","智通","常會","1120518","1120320","1120518","","","","","","","0","0","","0","1120323","171334",""
"1120831","8933","愛地雅","常會","1120609","1120411","1120609","","","","","","","0","0","","0","1120414","172456",""
"1120831","8935","邦泰","常會","1120607","1120409","1120607","","","","","0","0.00","0","0","","0","1120502","145108",""
"1120831","8936","國統","常會","1120621","1120423","1120621","","","","","","","0","0","","0","1120413","192329",""
"1120831","8937","合騏","常會","1120607","1120409","1120607","","","","","","","0","0","","0","1120329","115944",""
"1120831","8938","明安","常會","1120529","1120331","1120529","","","","","","","0","0","","0","1120314","180204",""
"1120831","8941","關中","常會","1120616","1120418","1120616","","","","","","","0","0","","0","1120323","125853",""
"1120831","8942","森鉅","常會","1120524","1120326","1120524","","","","","","","0","0","","0","1120308","203158",""
"1120831","9949","琉園","常會","1120627","1120429","1120627","","","","","","","0","0","","0","1120503","140535",""
"1120831","9950","萬國通","常會","1120621","1120423","1120621","","","","","0","0.00","0","0","","0","1120601","204212",""
"1120831","9951","皇田","臨時會","1120922","1120824","1120922","","","","","","","0","0","","0","1120808","94013",""
"1120831","9951","皇田","常會","1120616","1120418","1120616","","","","","","","0","0","","0","1120512","142334",""
"1120831","9960","邁達康","常會","1120615","1120417","1120615","","","","","0","0.00","0","0","","0","1120325","103753",""
"1120831","9962","有益","常會","1120613","1120415","1120613","","","","","","","0","0","","0","1120418","184608",""
